date,p1,Day,Year,month,p2,p3,p4,p5,p6,p7,p8,p9,p10,p11,p12,p13,p14,p15
1/1/2020,64.0,1,2020,1,39,60,50,22,120.0,66.0,33.0,61.0,83.0,27.0,19.0,13.0,-13.0,0.0
1/2/2020,66.0,2,2020,1,41,62,52,24,124.0,70.0,37.0,65.0,87.0,31.0,23.0,17.0,37.0,50.0
1/3/2020,63.0,3,2020,1,38,59,49,21,118.0,66.0,33.0,61.0,83.0,31.0,23.0,17.0,44.0,57.0
1/4/2020,62.0,4,2020,1,37,58,48,20,116.0,67.0,34.0,62.0,84.0,35.0,27.0,21.0,46.0,59.0
1/5/2020,64.0,5,2020,1,39,54,50,22,108.0,68.0,35.0,63.0,85.0,29.0,21.0,15.0,20.0,33.0
1/6/2020,62.0,6,2020,1,37,58,48,20,116.0,68.0,35.0,63.0,85.0,36.0,28.0,22.0,29.0,42.0
1/7/2020,62.0,7,2020,1,37,54,48,20,108.0,71.0,38.0,66.0,88.0,27.0,19.0,13.0,-13.0,0.0
1/8/2020,64.0,8,2020,1,39,60,50,22,120.0,68.0,35.0,63.0,85.0,33.0,25.0,19.0,33.0,46.0
1/9/2020,64.0,9,2020,1,39,60,50,22,120.0,68.0,35.0,63.0,85.0,31.0,23.0,17.0,24.0,37.0
1/10/2020,62.0,10,2020,1,37,58,48,20,116.0,71.0,38.0,66.0,88.0,32.0,24.0,18.0,19.0,32.0
1/11/2020,63.0,11,2020,1,38,54,49,21,108.0,66.0,33.0,61.0,83.0,33.0,25.0,19.0,30.0,43.0
1/12/2020,63.0,12,2020,1,38,44,49,21,88.0,70.0,37.0,65.0,87.0,30.0,22.0,16.0,24.0,37.0
1/13/2020,64.0,13,2020,1,39,60,50,22,120.0,68.0,35.0,63.0,85.0,32.0,24.0,18.0,21.0,34.0
1/14/2020,65.0,14,2020,1,40,61,51,23,122.0,67.0,34.0,62.0,84.0,30.0,22.0,16.0,10.0,23.0
1/15/2020,62.0,15,2020,1,37,58,48,20,116.0,67.0,34.0,62.0,84.0,30.0,22.0,16.0,42.0,55.0
1/16/2020,65.0,16,2020,1,40,51,51,23,102.0,68.0,35.0,63.0,85.0,33.0,25.0,19.0,30.0,43.0
1/17/2020,64.0,17,2020,1,39,63,50,22,126.0,67.0,34.0,62.0,84.0,32.0,24.0,18.0,6.0,19.0
1/18/2020,63.0,18,2020,1,38,59,49,21,118.0,67.0,34.0,62.0,84.0,30.0,22.0,16.0,7.0,20.0
1/19/2020,,19,2020,1,40,71,51,23,142.0,68.0,35.0,63.0,85.0,29.0,21.0,15.0,20.0,33.0
1/20/2020,62.0,20,2020,1,37,58,48,20,116.0,67.0,34.0,62.0,84.0,27.0,19.0,13.0,25.0,38.0
1/21/2020,64.0,21,2020,1,39,60,50,22,120.0,70.0,37.0,65.0,87.0,28.0,20.0,14.0,24.0,37.0
1/22/2020,65.0,22,2020,1,40,61,51,23,122.0,66.0,33.0,61.0,83.0,28.0,20.0,14.0,8.0,21.0
1/23/2020,62.0,23,2020,1,37,58,48,20,116.0,66.0,33.0,61.0,83.0,31.0,23.0,17.0,17.0,30.0
1/24/2020,63.0,24,2020,1,38,59,49,21,118.0,67.0,36.0,64.0,84.0,30.0,22.0,16.0,37.0,50.0
1/25/2020,62.0,25,2020,1,37,58,48,20,116.0,67.0,36.0,64.0,84.0,28.0,20.0,14.0,25.0,38.0
1/26/2020,65.0,26,2020,1,40,61,51,23,122.0,66.0,33.0,61.0,83.0,31.0,23.0,17.0,21.0,34.0
1/27/2020,67.0,27,2020,1,42,63,53,25,126.0,69.0,36.0,64.0,86.0,33.0,25.0,19.0,7.0,20.0
1/28/2020,64.0,28,2020,1,39,60,50,22,120.0,69.0,36.0,64.0,86.0,32.0,24.0,18.0,19.0,32.0
1/29/2020,64.0,29,2020,1,39,70,50,22,140.0,68.0,35.0,63.0,85.0,32.0,24.0,18.0,11.0,24.0
1/30/2020,62.0,30,2020,1,37,58,48,20,116.0,73.0,40.0,68.0,90.0,28.0,20.0,14.0,6.0,19.0
1/31/2020,62.0,31,2020,1,37,58,48,20,116.0,72.0,39.0,67.0,89.0,32.0,24.0,18.0,14.0,27.0
2/1/2020,62.0,1,2020,2,37,58,48,20,116.0,72.0,45.0,40.0,48.0,34.0,26.0,20.0,23.0,36.0
2/2/2020,62.0,2,2020,2,37,58,48,20,116.0,70.0,43.0,38.0,46.0,30.0,22.0,16.0,8.0,21.0
2/3/2020,64.0,3,2020,2,39,60,50,22,120.0,71.0,44.0,39.0,47.0,29.0,21.0,15.0,11.0,24.0
2/4/2020,63.0,4,2020,2,38,59,49,21,118.0,72.0,45.0,40.0,48.0,29.0,21.0,15.0,27.0,40.0
2/5/2020,,5,2020,2,39,60,50,22,120.0,70.0,43.0,38.0,46.0,32.0,24.0,18.0,11.0,24.0
2/6/2020,62.0,6,2020,2,37,58,48,20,116.0,73.0,46.0,41.0,48.0,30.0,22.0,16.0,10.0,23.0
2/7/2020,63.0,7,2020,2,38,59,49,21,118.0,70.0,43.0,38.0,46.0,32.0,24.0,18.0,21.0,34.0
2/8/2020,62.0,8,2020,2,37,58,48,20,116.0,70.0,43.0,38.0,46.0,34.0,26.0,20.0,17.0,30.0
2/9/2020,63.0,9,2020,2,38,59,49,21,118.0,69.0,42.0,37.0,46.0,30.0,22.0,16.0,7.0,20.0
2/10/2020,64.0,10,2020,2,39,60,50,22,120.0,70.0,43.0,38.0,46.0,35.0,27.0,21.0,20.0,33.0
2/11/2020,62.0,11,2020,2,37,58,48,20,116.0,72.0,45.0,40.0,48.0,32.0,24.0,18.0,36.0,49.0
2/12/2020,63.0,12,2020,2,38,59,49,21,118.0,69.0,42.0,37.0,46.0,31.0,23.0,17.0,10.0,23.0
2/13/2020,68.0,13,2020,2,43,64,54,26,128.0,69.0,42.0,37.0,46.0,31.0,23.0,17.0,17.0,30.0
2/14/2020,67.0,14,2020,2,80,63,53,25,126.0,69.0,42.0,37.0,46.0,28.0,20.0,14.0,15.0,28.0
2/15/2020,63.0,15,2020,2,38,59,49,21,118.0,73.0,46.0,41.0,48.0,29.0,21.0,15.0,25.0,38.0
2/16/2020,62.0,16,2020,2,37,58,48,20,116.0,70.0,43.0,38.0,46.0,30.0,22.0,16.0,26.0,39.0
2/17/2020,67.0,17,2020,2,42,63,53,25,126.0,69.0,42.0,37.0,46.0,34.0,26.0,20.0,21.0,34.0
2/18/2020,63.0,18,2020,2,38,59,49,21,118.0,69.0,42.0,37.0,46.0,28.0,20.0,14.0,23.0,36.0
2/19/2020,63.0,19,2020,2,70,59,49,21,118.0,72.0,45.0,40.0,48.0,30.0,22.0,16.0,23.0,36.0
2/20/2020,62.0,20,2020,2,37,58,48,20,116.0,71.0,44.0,39.0,47.0,30.0,22.0,16.0,14.0,27.0
2/21/2020,62.0,21,2020,2,70,58,48,20,116.0,71.0,44.0,39.0,47.0,31.0,23.0,17.0,44.0,57.0
2/22/2020,62.0,22,2020,2,37,58,48,20,116.0,69.0,42.0,37.0,46.0,31.0,23.0,17.0,38.0,51.0
2/23/2020,65.0,23,2020,2,40,61,51,23,122.0,74.0,47.0,42.0,49.0,30.0,22.0,16.0,34.0,47.0
2/24/2020,64.0,24,2020,2,39,60,50,22,120.0,70.0,43.0,38.0,46.0,29.0,21.0,15.0,9.0,22.0
2/25/2020,63.0,25,2020,2,100,59,49,21,118.0,73.0,46.0,41.0,48.0,33.0,25.0,19.0,11.0,24.0
2/26/2020,63.0,26,2020,2,38,59,49,21,118.0,71.0,44.0,39.0,47.0,29.0,21.0,15.0,24.0,37.0
2/27/2020,62.0,27,2020,2,37,58,48,20,116.0,73.0,46.0,41.0,48.0,31.0,23.0,17.0,38.0,51.0
2/28/2020,69.0,28,2020,2,10,65,55,27,130.0,71.0,44.0,39.0,47.0,30.0,22.0,16.0,14.0,27.0
2/29/2020,68.0,29,2020,2,43,64,54,26,128.0,71.0,44.0,39.0,47.0,34.0,26.0,20.0,13.0,26.0
3/1/2020,82.0,1,2020,3,44,65,38,41,82.0,71.0,44.0,39.0,47.0,32.0,24.0,18.0,27.0,40.0
3/2/2020,84.0,2,2020,3,46,67,40,43,84.0,69.0,42.0,37.0,46.0,29.0,21.0,15.0,23.0,36.0
3/3/2020,80.0,3,2020,3,42,63,36,39,80.0,72.0,45.0,40.0,48.0,32.0,24.0,18.0,33.0,46.0
3/4/2020,81.0,4,2020,3,43,64,37,40,81.0,70.0,43.0,38.0,46.0,29.0,21.0,15.0,22.0,35.0
3/5/2020,82.0,5,2020,3,44,65,38,41,82.0,69.0,42.0,37.0,46.0,29.0,21.0,15.0,7.0,20.0
3/6/2020,80.0,6,2020,3,42,63,36,39,80.0,71.0,44.0,39.0,47.0,28.0,20.0,14.0,-11.0,2.0
3/7/2020,80.0,7,2020,3,42,63,36,39,80.0,69.0,42.0,37.0,46.0,30.0,22.0,16.0,42.0,55.0
3/8/2020,82.0,8,2020,3,44,65,38,41,82.0,69.0,42.0,37.0,46.0,30.0,22.0,16.0,21.0,34.0
3/9/2020,85.0,9,2020,3,47,68,41,44,85.0,74.0,47.0,42.0,49.0,30.0,22.0,16.0,27.0,40.0
3/10/2020,82.0,10,2020,3,44,65,38,41,82.0,71.0,44.0,39.0,47.0,32.0,24.0,18.0,19.0,32.0
3/11/2020,82.0,11,2020,3,44,65,38,41,82.0,71.0,44.0,39.0,47.0,33.0,25.0,19.0,6.0,19.0
3/12/2020,82.0,12,2020,3,44,65,38,41,82.0,69.0,42.0,37.0,46.0,30.0,22.0,16.0,50.0,63.0
3/13/2020,82.0,13,2020,3,44,65,38,41,82.0,72.0,45.0,40.0,48.0,31.0,23.0,17.0,25.0,38.0
3/14/2020,84.0,14,2020,3,46,67,40,43,84.0,70.0,43.0,38.0,46.0,31.0,23.0,17.0,26.0,39.0
3/15/2020,81.0,15,2020,3,43,64,37,40,81.0,71.0,44.0,39.0,47.0,29.0,21.0,15.0,34.0,47.0
3/16/2020,84.0,16,2020,3,46,67,40,43,84.0,71.0,44.0,39.0,47.0,30.0,22.0,16.0,16.0,29.0
3/17/2020,82.0,17,2020,3,44,65,38,41,82.0,70.0,43.0,38.0,46.0,29.0,21.0,15.0,11.0,24.0
3/18/2020,84.0,18,2020,3,46,67,40,43,84.0,69.0,42.0,37.0,46.0,28.0,20.0,14.0,18.0,31.0
3/19/2020,81.0,19,2020,3,43,64,37,40,81.0,70.0,43.0,38.0,46.0,34.0,26.0,20.0,26.0,39.0
3/20/2020,88.0,20,2020,3,50,71,44,47,88.0,70.0,43.0,38.0,46.0,30.0,22.0,16.0,28.0,41.0
3/21/2020,83.0,21,2020,3,45,66,39,42,83.0,69.0,42.0,37.0,46.0,33.0,25.0,19.0,25.0,38.0
3/22/2020,83.0,22,2020,3,45,66,39,42,83.0,70.0,43.0,38.0,46.0,31.0,23.0,17.0,15.0,28.0
3/23/2020,,23,2020,3,43,64,37,40,81.0,74.0,47.0,42.0,49.0,32.0,24.0,18.0,9.0,22.0
3/24/2020,80.0,24,2020,3,42,63,36,39,80.0,70.0,43.0,38.0,46.0,35.0,27.0,21.0,5.0,18.0
3/25/2020,85.0,25,2020,3,47,68,41,44,85.0,69.0,42.0,37.0,46.0,28.0,20.0,14.0,38.0,51.0
3/26/2020,85.0,26,2020,3,47,68,41,44,85.0,71.0,44.0,39.0,47.0,29.0,21.0,15.0,14.0,27.0
3/27/2020,83.0,27,2020,3,45,66,39,42,83.0,70.0,43.0,38.0,46.0,29.0,21.0,15.0,38.0,51.0
3/28/2020,87.0,28,2020,3,49,70,43,46,87.0,69.0,42.0,37.0,46.0,32.0,24.0,18.0,22.0,35.0
3/29/2020,86.0,29,2020,3,48,69,42,45,86.0,71.0,44.0,39.0,47.0,32.0,24.0,18.0,12.0,25.0
3/30/2020,81.0,30,2020,3,43,64,37,40,81.0,69.0,42.0,37.0,46.0,29.0,21.0,15.0,20.0,33.0
3/31/2020,83.0,31,2020,3,45,66,39,42,83.0,69.0,42.0,37.0,46.0,28.0,20.0,14.0,11.0,24.0
4/1/2020,84.0,1,2020,4,46,67,40,43,84.0,70.0,43.0,38.0,46.0,27.0,19.0,13.0,-6.0,7.0
4/2/2020,82.0,2,2020,4,44,65,38,41,82.0,70.0,43.0,38.0,46.0,29.0,21.0,15.0,21.0,34.0
4/3/2020,83.0,3,2020,4,45,66,39,42,83.0,69.0,42.0,37.0,46.0,32.0,24.0,18.0,30.0,43.0
4/4/2020,81.0,4,2020,4,43,64,37,40,81.0,69.0,42.0,37.0,46.0,31.0,23.0,17.0,19.0,32.0
4/5/2020,81.0,5,2020,4,43,64,37,40,81.0,70.0,43.0,38.0,46.0,30.0,22.0,16.0,20.0,33.0
4/6/2020,84.0,6,2020,4,46,67,40,43,84.0,71.0,44.0,39.0,47.0,30.0,22.0,16.0,12.0,25.0
4/7/2020,83.0,7,2020,4,45,66,39,42,83.0,70.0,43.0,38.0,46.0,29.0,21.0,15.0,5.0,18.0
4/8/2020,84.0,8,2020,4,46,67,40,43,84.0,70.0,43.0,38.0,46.0,32.0,24.0,18.0,9.0,22.0
4/9/2020,82.0,9,2020,4,44,65,38,41,82.0,71.0,44.0,39.0,47.0,32.0,24.0,18.0,53.0,66.0
4/10/2020,84.0,10,2020,4,46,67,40,43,84.0,69.0,42.0,37.0,46.0,29.0,21.0,15.0,10.0,23.0
4/11/2020,82.0,11,2020,4,44,65,38,41,82.0,71.0,44.0,39.0,47.0,27.0,19.0,13.0,-13.0,0.0
4/12/2020,85.0,12,2020,4,47,68,41,44,85.0,72.0,45.0,40.0,48.0,28.0,20.0,14.0,12.0,25.0
4/13/2020,81.0,13,2020,4,43,64,37,40,81.0,71.0,44.0,39.0,47.0,32.0,24.0,18.0,29.0,42.0
4/14/2020,84.0,14,2020,4,46,67,40,43,84.0,69.0,42.0,37.0,46.0,29.0,21.0,15.0,16.0,29.0
4/15/2020,80.0,15,2020,4,42,63,36,39,80.0,69.0,42.0,37.0,46.0,28.0,20.0,14.0,17.0,30.0
4/16/2020,83.0,16,2020,4,45,66,39,42,83.0,70.0,43.0,38.0,46.0,30.0,22.0,16.0,16.0,29.0
4/17/2020,85.0,17,2020,4,47,68,41,44,85.0,73.0,46.0,41.0,48.0,29.0,21.0,15.0,17.0,30.0
4/18/2020,80.0,18,2020,4,42,63,36,39,80.0,69.0,42.0,37.0,46.0,32.0,24.0,18.0,23.0,36.0
4/19/2020,81.0,19,2020,4,43,64,37,40,81.0,70.0,43.0,38.0,46.0,31.0,23.0,17.0,25.0,38.0
4/20/2020,81.0,20,2020,4,43,64,37,40,81.0,70.0,43.0,38.0,46.0,28.0,20.0,14.0,22.0,35.0
4/21/2020,81.0,21,2020,4,43,64,37,40,81.0,70.0,43.0,38.0,46.0,31.0,23.0,17.0,19.0,32.0
4/22/2020,82.0,22,2020,4,44,65,38,41,82.0,70.0,43.0,38.0,46.0,28.0,20.0,14.0,13.0,26.0
4/23/2020,83.0,23,2020,4,45,66,39,42,83.0,72.0,45.0,40.0,48.0,28.0,20.0,14.0,14.0,27.0
4/24/2020,84.0,24,2020,4,46,67,40,43,84.0,71.0,44.0,39.0,47.0,29.0,21.0,15.0,25.0,38.0
4/25/2020,81.0,25,2020,4,43,64,37,40,81.0,71.0,44.0,39.0,47.0,33.0,25.0,19.0,25.0,38.0
4/26/2020,82.0,26,2020,4,44,65,38,41,82.0,70.0,43.0,38.0,46.0,27.0,19.0,13.0,30.0,43.0
4/27/2020,80.0,27,2020,4,42,63,36,39,80.0,74.0,47.0,42.0,49.0,31.0,23.0,17.0,2.0,15.0
4/28/2020,84.0,28,2020,4,46,67,40,43,84.0,71.0,44.0,39.0,47.0,27.0,19.0,13.0,15.0,28.0
4/29/2020,80.0,29,2020,4,42,63,36,39,80.0,60.0,33.0,28.0,40.0,35.0,27.0,21.0,20.0,33.0
4/30/2020,82.0,30,2020,4,44,65,38,41,82.0,59.0,32.0,27.0,39.0,28.0,20.0,14.0,-2.0,11.0
5/1/2020,82.0,1,2020,5,44,65,38,41,65.0,60.0,50.0,22.0,120.0,30.0,22.0,16.0,35.0,48.0
5/2/2020,83.0,2,2020,5,45,66,39,42,66.0,62.0,52.0,24.0,124.0,28.0,20.0,14.0,6.0,19.0
5/3/2020,84.0,3,2020,5,46,67,40,43,67.0,59.0,49.0,21.0,118.0,31.0,23.0,17.0,23.0,36.0
5/4/2020,85.0,4,2020,5,47,67,41,44,67.0,58.0,48.0,20.0,116.0,30.0,22.0,16.0,6.0,19.0
5/5/2020,91.0,5,2020,5,53,74,47,50,74.0,54.0,50.0,22.0,108.0,33.0,25.0,19.0,12.0,25.0
5/6/2020,85.0,6,2020,5,47,68,41,44,68.0,58.0,48.0,20.0,116.0,30.0,22.0,16.0,8.0,21.0
5/7/2020,82.0,7,2020,5,44,65,38,41,65.0,54.0,48.0,20.0,108.0,33.0,25.0,19.0,3.0,16.0
5/8/2020,85.0,8,2020,5,47,68,41,44,68.0,60.0,50.0,22.0,120.0,31.0,23.0,17.0,8.0,21.0
5/9/2020,84.0,9,2020,5,46,67,40,43,67.0,60.0,50.0,22.0,120.0,31.0,23.0,17.0,0.0,13.0
5/10/2020,82.0,10,2020,5,44,65,38,41,65.0,58.0,48.0,20.0,116.0,34.0,26.0,20.0,8.0,21.0
5/11/2020,87.0,11,2020,5,49,70,43,46,70.0,54.0,49.0,21.0,108.0,28.0,20.0,14.0,9.0,22.0
5/12/2020,83.0,12,2020,5,45,67,39,42,67.0,44.0,49.0,21.0,88.0,30.0,22.0,16.0,15.0,28.0
5/13/2020,82.0,13,2020,5,44,65,38,41,65.0,60.0,50.0,22.0,120.0,32.0,24.0,18.0,1.0,14.0
5/14/2020,81.0,14,2020,5,43,64,37,40,64.0,61.0,51.0,23.0,122.0,32.0,24.0,18.0,35.0,48.0
5/15/2020,82.0,15,2020,5,44,65,38,41,65.0,58.0,48.0,20.0,116.0,31.0,23.0,17.0,27.0,40.0
5/16/2020,81.0,16,2020,5,43,64,37,40,64.0,51.0,51.0,23.0,102.0,30.0,22.0,16.0,10.0,23.0
5/17/2020,89.0,17,2020,5,51,72,45,48,72.0,63.0,50.0,22.0,126.0,29.0,21.0,15.0,5.0,18.0
5/18/2020,84.0,18,2020,5,46,67,40,43,67.0,59.0,49.0,21.0,118.0,28.0,20.0,14.0,7.0,20.0
5/19/2020,83.0,19,2020,5,45,66,39,42,66.0,71.0,51.0,23.0,142.0,33.0,25.0,19.0,4.0,17.0
5/20/2020,84.0,20,2020,5,46,67,40,43,67.0,58.0,48.0,20.0,116.0,29.0,21.0,15.0,-3.0,10.0
5/21/2020,87.0,21,2020,5,49,70,43,46,70.0,60.0,50.0,22.0,120.0,27.0,19.0,13.0,2.0,15.0
5/22/2020,89.0,22,2020,5,51,72,45,48,72.0,61.0,51.0,23.0,122.0,28.0,20.0,14.0,10.0,23.0
5/23/2020,81.0,23,2020,5,43,64,37,40,64.0,58.0,48.0,20.0,116.0,34.0,26.0,20.0,7.0,20.0
5/24/2020,85.0,24,2020,5,47,68,41,44,68.0,59.0,49.0,21.0,118.0,30.0,22.0,16.0,15.0,28.0
5/25/2020,86.0,25,2020,5,48,69,42,45,69.0,58.0,48.0,20.0,116.0,30.0,22.0,16.0,14.0,27.0
5/26/2020,85.0,26,2020,5,47,68,41,44,68.0,61.0,51.0,23.0,122.0,28.0,20.0,14.0,4.0,17.0
5/27/2020,82.0,27,2020,5,44,65,38,41,65.0,63.0,53.0,25.0,126.0,29.0,21.0,15.0,4.0,17.0
5/28/2020,85.0,28,2020,5,47,68,41,44,68.0,60.0,50.0,22.0,120.0,31.0,23.0,17.0,26.0,39.0
5/29/2020,82.0,29,2020,5,44,65,38,41,65.0,70.0,50.0,22.0,140.0,29.0,21.0,15.0,11.0,24.0
5/30/2020,86.0,30,2020,5,48,69,42,45,69.0,58.0,48.0,20.0,116.0,31.0,23.0,17.0,18.0,31.0
5/31/2020,86.0,31,2020,5,48,69,42,45,69.0,58.0,48.0,20.0,116.0,32.0,24.0,18.0,10.0,23.0
6/1/2020,86.0,1,2020,6,48,69,36,64,103.0,58.0,48.0,20.0,116.0,34.0,26.0,20.0,11.0,24.0
6/2/2020,85.0,2,2020,6,47,68,35,63,102.0,58.0,48.0,20.0,116.0,28.0,20.0,14.0,17.0,30.0
6/3/2020,88.0,3,2020,6,50,71,38,66,105.0,60.0,50.0,22.0,120.0,30.0,22.0,16.0,6.0,19.0
6/4/2020,88.0,4,2020,6,50,71,38,66,105.0,59.0,49.0,21.0,118.0,27.0,19.0,13.0,0.0,13.0
6/5/2020,90.0,5,2020,6,52,73,40,68,107.0,60.0,50.0,22.0,120.0,30.0,22.0,16.0,3.0,16.0
6/6/2020,85.0,6,2020,6,47,68,35,63,102.0,58.0,48.0,20.0,116.0,31.0,23.0,17.0,4.0,17.0
6/7/2020,94.0,7,2020,6,56,77,44,72,111.0,59.0,49.0,21.0,118.0,32.0,24.0,18.0,15.0,28.0
6/8/2020,90.0,8,2020,6,52,73,40,68,107.0,58.0,48.0,20.0,116.0,31.0,23.0,17.0,14.0,27.0
6/9/2020,92.0,9,2020,6,54,75,42,70,109.0,59.0,49.0,21.0,118.0,29.0,21.0,15.0,5.0,18.0
6/10/2020,86.0,10,2020,6,48,69,36,64,103.0,60.0,50.0,22.0,120.0,29.0,21.0,15.0,25.0,38.0
6/11/2020,84.0,11,2020,6,46,67,34,62,101.0,58.0,48.0,20.0,116.0,28.0,20.0,14.0,4.0,17.0
6/12/2020,85.0,12,2020,6,47,68,35,63,102.0,59.0,49.0,21.0,118.0,31.0,23.0,17.0,8.0,21.0
6/13/2020,86.0,13,2020,6,48,69,36,64,103.0,64.0,54.0,26.0,128.0,30.0,22.0,16.0,1.0,14.0
6/14/2020,88.0,14,2020,6,50,71,38,66,105.0,63.0,53.0,25.0,126.0,30.0,22.0,16.0,24.0,37.0
6/15/2020,86.0,15,2020,6,48,69,36,64,103.0,59.0,49.0,21.0,118.0,30.0,22.0,16.0,7.0,20.0
6/16/2020,86.0,16,2020,6,48,69,36,64,103.0,58.0,48.0,20.0,116.0,30.0,22.0,16.0,11.0,24.0
6/17/2020,84.0,17,2020,6,46,67,34,62,101.0,63.0,53.0,25.0,126.0,32.0,24.0,18.0,11.0,24.0
6/18/2020,89.0,18,2020,6,51,72,39,67,106.0,59.0,49.0,21.0,118.0,30.0,22.0,16.0,11.0,24.0
6/19/2020,86.0,19,2020,6,48,69,36,64,103.0,59.0,49.0,21.0,118.0,30.0,22.0,16.0,14.0,27.0
6/20/2020,86.0,20,2020,6,48,69,36,64,103.0,58.0,48.0,20.0,116.0,28.0,20.0,14.0,5.0,18.0
6/21/2020,86.0,21,2020,6,48,69,36,64,103.0,58.0,48.0,20.0,116.0,33.0,25.0,19.0,16.0,29.0
6/22/2020,87.0,22,2020,6,49,70,37,65,104.0,58.0,48.0,20.0,116.0,32.0,24.0,18.0,6.0,19.0
6/23/2020,84.0,23,2020,6,46,67,34,62,101.0,61.0,51.0,23.0,122.0,31.0,23.0,17.0,10.0,23.0
6/24/2020,84.0,24,2020,6,46,67,34,62,101.0,60.0,50.0,22.0,120.0,31.0,23.0,17.0,11.0,24.0
6/25/2020,86.0,25,2020,6,48,67,36,64,101.0,59.0,49.0,21.0,118.0,27.0,19.0,13.0,16.0,29.0
6/26/2020,88.0,26,2020,6,50,71,38,66,105.0,59.0,49.0,21.0,118.0,30.0,22.0,16.0,23.0,36.0
6/27/2020,84.0,27,2020,6,46,67,34,62,101.0,58.0,48.0,20.0,116.0,32.0,24.0,18.0,-1.0,12.0
6/28/2020,83.0,28,2020,6,45,66,33,61,100.0,65.0,55.0,27.0,130.0,30.0,22.0,16.0,9.0,22.0
6/29/2020,85.0,29,2020,6,47,68,35,63,102.0,64.0,54.0,26.0,128.0,31.0,23.0,17.0,22.0,35.0
6/30/2020,86.0,30,2020,6,48,69,36,64,85.0,65.0,38.0,41.0,82.0,32.0,24.0,18.0,5.0,18.0
7/1/2020,85.0,1,2020,7,47,68,35,63,86.0,67.0,40.0,43.0,84.0,29.0,21.0,15.0,9.0,22.0
7/2/2020,86.0,2,2020,7,48,69,36,64,83.0,63.0,36.0,39.0,80.0,31.0,23.0,17.0,11.0,24.0
7/3/2020,83.0,3,2020,7,45,66,33,61,83.0,64.0,37.0,40.0,81.0,29.0,21.0,15.0,2.0,15.0
7/4/2020,83.0,4,2020,7,45,66,33,61,87.0,65.0,38.0,41.0,82.0,31.0,23.0,17.0,1.0,14.0
7/5/2020,87.0,5,2020,7,49,70,37,65,84.0,63.0,36.0,39.0,80.0,32.0,24.0,18.0,7.0,20.0
7/6/2020,84.0,6,2020,7,46,67,34,62,85.0,63.0,36.0,39.0,80.0,28.0,20.0,14.0,-8.0,5.0
7/7/2020,85.0,7,2020,7,47,68,35,63,87.0,65.0,38.0,41.0,82.0,28.0,20.0,14.0,4.0,17.0
7/8/2020,87.0,8,2020,7,49,70,37,65,84.0,68.0,41.0,44.0,85.0,28.0,20.0,14.0,13.0,26.0
7/9/2020,84.0,9,2020,7,46,67,34,62,87.0,65.0,38.0,41.0,82.0,33.0,25.0,19.0,23.0,36.0
7/10/2020,87.0,10,2020,7,49,70,37,65,83.0,65.0,38.0,41.0,82.0,28.0,20.0,14.0,32.0,45.0
7/11/2020,83.0,11,2020,7,45,66,33,61,85.0,65.0,38.0,41.0,82.0,32.0,24.0,18.0,12.0,25.0
7/12/2020,85.0,12,2020,7,47,68,35,63,84.0,65.0,38.0,41.0,82.0,27.0,19.0,13.0,9.0,22.0
7/13/2020,84.0,13,2020,7,46,67,34,62,83.0,67.0,40.0,43.0,84.0,31.0,23.0,17.0,1.0,14.0
7/14/2020,83.0,14,2020,7,45,66,33,61,84.0,64.0,37.0,40.0,81.0,29.0,21.0,15.0,7.0,20.0
7/15/2020,84.0,15,2020,7,46,67,34,62,87.0,67.0,40.0,43.0,84.0,30.0,22.0,16.0,5.0,18.0
7/16/2020,87.0,16,2020,7,49,70,37,65,89.0,65.0,38.0,41.0,82.0,28.0,20.0,14.0,15.0,28.0
7/17/2020,89.0,17,2020,7,51,72,39,67,83.0,67.0,40.0,43.0,84.0,33.0,25.0,19.0,12.0,25.0
7/18/2020,83.0,18,2020,7,45,66,33,61,85.0,64.0,37.0,40.0,81.0,28.0,20.0,14.0,1.0,14.0
7/19/2020,85.0,19,2020,7,47,68,35,63,85.0,71.0,44.0,47.0,88.0,31.0,23.0,17.0,28.0,41.0
7/20/2020,85.0,20,2020,7,47,68,35,63,86.0,66.0,39.0,42.0,83.0,28.0,20.0,14.0,1.0,14.0
7/21/2020,86.0,21,2020,7,48,69,36,64,85.0,66.0,39.0,42.0,83.0,27.0,19.0,13.0,9.0,22.0
7/22/2020,85.0,22,2020,7,47,68,35,63,85.0,64.0,37.0,40.0,81.0,31.0,23.0,17.0,1.0,14.0
7/23/2020,85.0,23,2020,7,47,68,35,63,87.0,63.0,36.0,39.0,80.0,33.0,25.0,19.0,17.0,30.0
7/24/2020,87.0,24,2020,7,49,70,37,65,84.0,68.0,41.0,44.0,85.0,30.0,22.0,16.0,9.0,22.0
7/25/2020,84.0,25,2020,7,46,67,34,62,85.0,68.0,41.0,44.0,85.0,29.0,21.0,15.0,16.0,29.0
7/26/2020,85.0,26,2020,7,47,68,35,63,88.0,66.0,39.0,42.0,83.0,30.0,22.0,16.0,9.0,22.0
7/27/2020,88.0,27,2020,7,50,71,38,66,88.0,70.0,43.0,46.0,87.0,32.0,24.0,18.0,2.0,15.0
7/28/2020,88.0,28,2020,7,50,71,38,66,84.0,69.0,42.0,45.0,86.0,30.0,22.0,16.0,7.0,20.0
7/29/2020,84.0,29,2020,7,46,67,34,62,84.0,64.0,37.0,40.0,81.0,30.0,22.0,16.0,-5.0,8.0
7/30/2020,84.0,30,2020,7,46,67,34,62,86.0,66.0,39.0,42.0,83.0,33.0,25.0,19.0,3.0,16.0
7/31/2020,86.0,31,2020,7,48,69,36,64,83.0,60.0,50.0,22.0,120.0,32.0,24.0,18.0,6.0,19.0
8/1/2020,83.0,1,2020,8,45,66,33,61,87.0,58.0,48.0,20.0,116.0,32.0,24.0,18.0,2.0,15.0
8/2/2020,87.0,2,2020,8,49,70,37,65,83.0,60.0,50.0,22.0,120.0,29.0,21.0,15.0,10.0,23.0
8/3/2020,83.0,3,2020,8,45,66,33,61,84.0,59.0,49.0,21.0,118.0,29.0,21.0,15.0,10.0,23.0
8/4/2020,84.0,4,2020,8,46,67,34,62,85.0,58.0,48.0,20.0,116.0,30.0,22.0,16.0,9.0,22.0
8/5/2020,85.0,5,2020,8,47,68,35,63,85.0,58.0,48.0,20.0,116.0,28.0,20.0,14.0,21.0,34.0
8/6/2020,85.0,6,2020,8,47,68,35,63,88.0,60.0,50.0,22.0,120.0,31.0,23.0,17.0,9.0,22.0
8/7/2020,88.0,7,2020,8,50,71,38,66,85.0,58.0,48.0,20.0,116.0,32.0,24.0,18.0,9.0,22.0
8/8/2020,85.0,8,2020,8,47,68,35,63,85.0,58.0,48.0,20.0,116.0,30.0,22.0,16.0,8.0,21.0
8/9/2020,85.0,9,2020,8,47,68,35,63,88.0,58.0,48.0,20.0,116.0,32.0,24.0,18.0,15.0,28.0
8/10/2020,88.0,10,2020,8,50,71,38,66,83.0,58.0,48.0,20.0,116.0,34.0,26.0,20.0,5.0,18.0
8/11/2020,83.0,11,2020,8,45,66,33,61,87.0,59.0,49.0,21.0,118.0,34.0,26.0,20.0,15.0,28.0
8/12/2020,87.0,12,2020,8,49,70,37,65,85.0,59.0,49.0,21.0,118.0,29.0,21.0,15.0,10.0,23.0
8/13/2020,85.0,13,2020,8,47,68,35,63,84.0,59.0,49.0,21.0,118.0,31.0,23.0,17.0,4.0,17.0
8/14/2020,84.0,14,2020,8,46,67,34,62,84.0,58.0,48.0,20.0,116.0,31.0,23.0,17.0,4.0,17.0
8/15/2020,84.0,15,2020,8,46,67,34,62,85.0,58.0,48.0,20.0,116.0,31.0,23.0,17.0,6.0,19.0
8/16/2020,85.0,16,2020,8,47,68,35,63,84.0,58.0,48.0,20.0,116.0,30.0,22.0,16.0,20.0,33.0
8/17/2020,84.0,17,2020,8,46,67,34,62,84.0,61.0,51.0,23.0,122.0,29.0,21.0,15.0,11.0,24.0
8/18/2020,84.0,18,2020,8,46,67,34,62,85.0,59.0,49.0,21.0,118.0,29.0,21.0,15.0,11.0,24.0
8/19/2020,85.0,19,2020,8,47,68,35,63,84.0,62.0,52.0,24.0,124.0,30.0,22.0,16.0,6.0,19.0
8/20/2020,84.0,20,2020,8,46,67,34,62,87.0,58.0,48.0,20.0,116.0,27.0,19.0,13.0,21.0,34.0
8/21/2020,87.0,21,2020,8,49,70,37,65,83.0,60.0,50.0,22.0,120.0,33.0,25.0,19.0,15.0,28.0
8/22/2020,83.0,22,2020,8,45,66,33,61,83.0,60.0,50.0,22.0,120.0,32.0,24.0,18.0,15.0,28.0
8/23/2020,83.0,23,2020,8,45,66,33,61,84.0,58.0,48.0,20.0,116.0,30.0,22.0,16.0,32.0,45.0
8/24/2020,86.0,24,2020,8,48,67,36,64,84.0,58.0,48.0,20.0,116.0,29.0,21.0,15.0,10.0,23.0
8/25/2020,86.0,25,2020,8,48,67,36,64,83.0,59.0,49.0,21.0,118.0,31.0,23.0,17.0,14.0,27.0
8/26/2020,83.0,26,2020,8,45,66,33,61,86.0,58.0,48.0,20.0,116.0,30.0,22.0,16.0,19.0,32.0
8/27/2020,86.0,27,2020,8,48,69,36,64,86.0,60.0,50.0,22.0,120.0,35.0,27.0,21.0,2.0,15.0
8/28/2020,86.0,28,2020,8,48,69,36,64,85.0,59.0,49.0,21.0,118.0,37.0,29.0,23.0,10.0,23.0
8/29/2020,85.0,29,2020,8,47,68,35,63,90.0,58.0,48.0,20.0,116.0,33.0,25.0,19.0,8.0,21.0
8/30/2020,90.0,30,2020,8,52,73,40,68,89.0,60.0,50.0,22.0,120.0,36.0,28.0,22.0,25.0,38.0
8/31/2020,89.0,31,2020,8,51,72,39,67,48.0,67.0,40.0,43.0,84.0,29.0,21.0,15.0,15.0,28.0
9/1/2020,76.0,1,2020,9,51,72,45,40,46.0,65.0,38.0,41.0,82.0,34.0,26.0,20.0,18.0,31.0
9/2/2020,74.0,2,2020,9,49,70,43,38,47.0,66.0,39.0,42.0,83.0,30.0,22.0,16.0,6.0,19.0
9/3/2020,75.0,3,2020,9,50,71,44,39,48.0,64.0,37.0,40.0,81.0,28.0,20.0,14.0,2.0,15.0
9/4/2020,76.0,4,2020,9,51,72,45,40,46.0,64.0,37.0,40.0,81.0,32.0,24.0,18.0,7.0,20.0
9/5/2020,74.0,5,2020,9,49,70,43,38,48.0,67.0,40.0,43.0,84.0,36.0,28.0,22.0,11.0,24.0
9/6/2020,77.0,6,2020,9,11,73,46,41,46.0,66.0,39.0,42.0,83.0,33.0,25.0,19.0,20.0,33.0
9/7/2020,74.0,7,2020,9,49,70,43,38,46.0,67.0,40.0,43.0,84.0,28.0,20.0,14.0,16.0,29.0
9/8/2020,74.0,8,2020,9,49,70,43,38,46.0,65.0,38.0,41.0,82.0,30.0,22.0,16.0,21.0,34.0
9/9/2020,73.0,9,2020,9,48,69,42,37,46.0,67.0,40.0,43.0,84.0,30.0,22.0,16.0,8.0,21.0
9/10/2020,74.0,10,2020,9,49,70,43,38,48.0,65.0,38.0,41.0,82.0,31.0,23.0,17.0,16.0,29.0
9/11/2020,76.0,11,2020,9,51,72,45,40,46.0,68.0,41.0,44.0,85.0,34.0,26.0,20.0,47.0,60.0
9/12/2020,73.0,12,2020,9,10,69,42,37,46.0,64.0,37.0,40.0,81.0,33.0,25.0,19.0,12.0,25.0
9/13/2020,73.0,13,2020,9,48,69,42,37,46.0,67.0,40.0,43.0,84.0,31.0,23.0,17.0,18.0,31.0
9/14/2020,73.0,14,2020,9,1,69,42,37,48.0,63.0,36.0,39.0,80.0,31.0,23.0,17.0,12.0,25.0
9/15/2020,77.0,15,2020,9,52,73,46,41,46.0,66.0,39.0,42.0,83.0,31.0,23.0,17.0,3.0,16.0
9/16/2020,74.0,16,2020,9,9,70,43,38,46.0,68.0,41.0,44.0,85.0,32.0,24.0,18.0,23.0,36.0
9/17/2020,73.0,17,2020,9,48,69,42,37,46.0,63.0,36.0,39.0,80.0,28.0,20.0,14.0,3.0,16.0
9/18/2020,73.0,18,2020,9,9,69,42,37,48.0,64.0,37.0,40.0,81.0,28.0,20.0,14.0,24.0,37.0
9/19/2020,76.0,19,2020,9,1,72,45,40,47.0,64.0,37.0,40.0,81.0,30.0,22.0,16.0,16.0,29.0
9/20/2020,75.0,20,2020,9,50,71,44,39,47.0,64.0,37.0,40.0,81.0,35.0,27.0,21.0,26.0,39.0
9/21/2020,75.0,21,2020,9,50,71,44,39,46.0,65.0,38.0,41.0,82.0,28.0,20.0,14.0,6.0,19.0
9/22/2020,73.0,22,2020,9,48,69,42,37,49.0,66.0,39.0,42.0,83.0,31.0,23.0,17.0,21.0,34.0
9/23/2020,78.0,23,2020,9,53,74,47,42,46.0,67.0,40.0,43.0,84.0,31.0,23.0,17.0,24.0,37.0
9/24/2020,74.0,24,2020,9,49,70,43,38,48.0,64.0,37.0,40.0,81.0,31.0,23.0,17.0,11.0,24.0
9/25/2020,77.0,25,2020,9,52,73,46,41,47.0,65.0,38.0,41.0,82.0,30.0,22.0,16.0,20.0,33.0
9/26/2020,75.0,26,2020,9,50,71,44,39,48.0,63.0,36.0,39.0,80.0,30.0,22.0,16.0,-3.0,10.0
9/27/2020,77.0,27,2020,9,52,73,46,41,47.0,67.0,40.0,43.0,84.0,28.0,20.0,14.0,2.0,15.0
9/28/2020,75.0,28,2020,9,50,71,44,39,47.0,63.0,36.0,39.0,80.0,31.0,23.0,17.0,27.0,40.0
9/29/2020,75.0,29,2020,9,50,71,44,39,46.0,65.0,38.0,41.0,82.0,30.0,22.0,16.0,9.0,22.0
9/30/2020,74.0,30,2020,9,49,70,43,38,47.0,65.0,38.0,41.0,65.0,32.0,24.0,18.0,21.0,34.0
10/1/2020,75.0,1,2020,10,50,71,44,39,46.0,66.0,39.0,42.0,66.0,31.0,23.0,17.0,19.0,32.0
10/2/2020,73.0,2,2020,10,48,69,42,37,48.0,67.0,40.0,43.0,67.0,32.0,24.0,18.0,24.0,37.0
10/3/2020,76.0,3,2020,10,51,72,45,40,46.0,67.0,41.0,44.0,67.0,31.0,23.0,17.0,46.0,59.0
10/4/2020,74.0,4,2020,10,49,70,43,38,46.0,74.0,47.0,50.0,74.0,29.0,21.0,15.0,57.0,70.0
10/5/2020,73.0,5,2020,10,48,69,42,37,47.0,68.0,41.0,44.0,68.0,30.0,22.0,16.0,29.0,42.0
10/6/2020,75.0,6,2020,10,50,71,44,39,46.0,65.0,38.0,41.0,65.0,29.0,21.0,15.0,31.0,44.0
10/7/2020,73.0,7,2020,10,48,69,42,37,46.0,68.0,41.0,44.0,68.0,31.0,23.0,17.0,18.0,31.0
10/8/2020,73.0,8,2020,10,48,69,42,37,49.0,67.0,40.0,43.0,67.0,29.0,21.0,15.0,14.0,27.0
10/9/2020,78.0,9,2020,10,53,74,47,42,47.0,65.0,38.0,41.0,65.0,32.0,24.0,18.0,33.0,46.0
10/10/2020,75.0,10,2020,10,50,71,44,39,47.0,70.0,43.0,46.0,70.0,29.0,21.0,15.0,57.0,70.0
10/11/2020,75.0,11,2020,10,50,71,44,39,46.0,67.0,39.0,42.0,67.0,34.0,26.0,20.0,42.0,55.0
10/12/2020,73.0,12,2020,10,48,69,42,37,48.0,65.0,38.0,41.0,65.0,32.0,24.0,18.0,51.0,64.0
10/13/2020,76.0,13,2020,10,51,72,45,40,46.0,64.0,37.0,40.0,64.0,33.0,25.0,19.0,26.0,39.0
10/14/2020,74.0,14,2020,10,49,70,43,38,47.0,65.0,38.0,41.0,65.0,32.0,24.0,18.0,51.0,64.0
10/15/2020,75.0,15,2020,10,50,71,44,39,47.0,64.0,37.0,40.0,64.0,30.0,22.0,16.0,44.0,57.0
10/16/2020,75.0,16,2020,10,50,71,44,39,46.0,72.0,45.0,48.0,72.0,29.0,21.0,15.0,62.0,75.0
10/17/2020,74.0,17,2020,10,49,70,43,38,46.0,67.0,40.0,43.0,67.0,33.0,25.0,19.0,42.0,55.0
10/18/2020,73.0,18,2020,10,48,69,42,37,46.0,66.0,39.0,42.0,66.0,30.0,22.0,16.0,49.0,62.0
10/19/2020,74.0,19,2020,10,49,70,43,38,46.0,67.0,40.0,43.0,67.0,29.0,21.0,15.0,31.0,44.0
10/20/2020,0.0,20,2020,10,49,70,43,38,46.0,70.0,43.0,46.0,70.0,29.0,21.0,15.0,23.0,36.0
10/21/2020,73.0,21,2020,10,48,69,42,37,46.0,72.0,45.0,48.0,72.0,27.0,19.0,13.0,22.0,35.0
10/22/2020,74.0,22,2020,10,49,70,43,38,49.0,64.0,37.0,40.0,64.0,28.0,20.0,14.0,25.0,38.0
10/23/2020,78.0,23,2020,10,53,74,47,42,46.0,68.0,41.0,44.0,68.0,34.0,26.0,20.0,54.0,67.0
10/24/2020,74.0,24,2020,10,49,70,43,38,46.0,69.0,42.0,45.0,69.0,30.0,22.0,16.0,51.0,64.0
10/25/2020,73.0,25,2020,10,48,69,42,37,47.0,68.0,41.0,44.0,68.0,32.0,24.0,18.0,35.0,48.0
10/26/2020,75.0,26,2020,10,50,71,44,39,46.0,65.0,38.0,41.0,65.0,29.0,21.0,15.0,50.0,63.0
10/27/2020,74.0,27,2020,10,49,70,43,38,46.0,68.0,41.0,44.0,68.0,28.0,20.0,14.0,20.0,33.0
10/28/2020,73.0,28,2020,10,48,69,42,37,47.0,65.0,38.0,41.0,65.0,30.0,22.0,16.0,24.0,37.0
10/29/2020,75.0,29,2020,10,50,71,44,39,46.0,69.0,42.0,45.0,69.0,29.0,21.0,15.0,33.0,46.0
10/30/2020,73.0,30,2020,10,48,69,42,37,46.0,69.0,42.0,45.0,69.0,31.0,23.0,17.0,45.0,58.0
10/31/2020,73.0,31,2020,10,48,69,42,37,46.0,69.0,36.0,64.0,103.0,35.0,27.0,21.0,67.0,80.0
11/1/2020,74.0,1,2020,11,49,70,43,38,46.0,68.0,35.0,63.0,102.0,29.0,21.0,15.0,13.0,26.0
11/2/2020,74.0,2,2020,11,49,70,43,38,46.0,71.0,38.0,66.0,105.0,31.0,23.0,17.0,29.0,42.0
11/3/2020,73.0,3,2020,11,48,69,42,37,46.0,71.0,38.0,66.0,105.0,29.0,21.0,15.0,46.0,59.0
11/4/2020,73.0,4,2020,11,48,69,42,37,46.0,73.0,40.0,68.0,107.0,30.0,22.0,16.0,32.0,45.0
11/5/2020,74.0,5,2020,11,49,70,43,38,47.0,68.0,35.0,63.0,102.0,33.0,25.0,19.0,18.0,31.0
11/6/2020,75.0,6,2020,11,50,71,44,39,46.0,77.0,44.0,72.0,111.0,30.0,22.0,16.0,56.0,69.0
11/7/2020,74.0,7,2020,11,49,70,43,38,46.0,73.0,40.0,68.0,107.0,30.0,22.0,16.0,35.0,48.0
11/8/2020,74.0,8,2020,11,49,70,43,38,47.0,75.0,42.0,70.0,109.0,33.0,25.0,19.0,27.0,40.0
11/9/2020,75.0,9,2020,11,50,71,44,39,46.0,69.0,36.0,64.0,103.0,32.0,24.0,18.0,19.0,32.0
11/10/2020,73.0,10,2020,11,48,69,42,37,47.0,67.0,34.0,62.0,101.0,32.0,24.0,18.0,47.0,60.0
11/11/2020,75.0,11,2020,11,50,71,44,39,48.0,68.0,35.0,63.0,102.0,31.0,23.0,17.0,5.0,18.0
11/12/2020,76.0,12,2020,11,51,72,45,40,47.0,69.0,36.0,64.0,103.0,29.0,21.0,15.0,9.0,22.0
11/13/2020,75.0,13,2020,11,50,71,44,39,46.0,71.0,38.0,66.0,105.0,27.0,19.0,13.0,6.0,19.0
11/14/2020,73.0,14,2020,11,48,69,42,37,46.0,69.0,36.0,64.0,103.0,39.0,31.0,25.0,29.0,42.0
11/15/2020,73.0,15,2020,11,48,69,42,37,46.0,69.0,36.0,64.0,103.0,30.0,22.0,16.0,37.0,50.0
11/16/2020,74.0,16,2020,11,49,70,43,38,48.0,67.0,34.0,62.0,101.0,32.0,24.0,18.0,47.0,60.0
11/17/2020,77.0,17,2020,11,52,73,46,41,46.0,72.0,39.0,67.0,106.0,32.0,24.0,18.0,11.0,24.0
11/18/2020,73.0,18,2020,11,48,69,42,37,46.0,69.0,36.0,64.0,103.0,28.0,20.0,14.0,9.0,22.0
11/19/2020,74.0,19,2020,11,49,70,43,38,46.0,69.0,36.0,64.0,103.0,28.0,20.0,14.0,13.0,26.0
11/20/2020,74.0,20,2020,11,49,70,43,38,46.0,69.0,36.0,64.0,103.0,28.0,20.0,14.0,31.0,44.0
11/21/2020,74.0,21,2020,11,49,70,43,38,46.0,70.0,37.0,65.0,104.0,30.0,22.0,16.0,28.0,41.0
11/22/2020,74.0,22,2020,11,49,70,43,38,48.0,67.0,34.0,62.0,101.0,28.0,20.0,14.0,54.0,67.0
11/23/2020,76.0,23,2020,11,51,72,45,40,47.0,67.0,34.0,62.0,101.0,33.0,25.0,19.0,6.0,19.0
11/24/2020,75.0,24,2020,11,50,71,44,39,47.0,67.0,36.0,64.0,101.0,32.0,24.0,18.0,16.0,29.0
11/25/2020,75.0,25,2020,11,50,71,44,39,46.0,71.0,38.0,66.0,105.0,30.0,22.0,16.0,13.0,26.0
11/26/2020,74.0,26,2020,11,49,70,43,38,49.0,67.0,34.0,62.0,101.0,31.0,23.0,17.0,7.0,20.0
11/27/2020,78.0,27,2020,11,53,74,47,42,47.0,66.0,33.0,61.0,100.0,30.0,22.0,16.0,33.0,46.0
11/28/2020,75.0,28,2020,11,50,71,44,39,40.0,68.0,35.0,63.0,102.0,30.0,22.0,16.0,29.0,42.0
11/29/2020,64.0,29,2020,11,39,60,33,28,39.0,69.0,36.0,64.0,103.0,28.0,20.0,14.0,22.0,35.0
11/30/2020,63.0,30,2020,11,38,59,32,27,120.0,68.0,35.0,63.0,85.0,28.0,20.0,14.0,11.0,24.0
12/1/2020,0.0,1,2020,12,39,60,50,22,116.0,69.0,36.0,64.0,86.0,30.0,22.0,16.0,29.0,42.0
12/2/2020,62.0,2,2020,12,37,58,48,20,120.0,66.0,33.0,61.0,83.0,30.0,22.0,16.0,43.0,56.0
12/3/2020,64.0,3,2020,12,39,60,50,22,118.0,66.0,33.0,61.0,83.0,32.0,24.0,18.0,12.0,25.0
12/4/2020,63.0,4,2020,12,38,59,49,21,116.0,70.0,37.0,65.0,87.0,30.0,22.0,16.0,21.0,34.0
12/5/2020,62.0,5,2020,12,37,58,48,20,116.0,67.0,34.0,62.0,84.0,34.0,26.0,20.0,47.0,60.0
12/6/2020,62.0,6,2020,12,37,58,48,20,120.0,68.0,35.0,63.0,85.0,29.0,21.0,15.0,14.0,27.0
12/7/2020,64.0,7,2020,12,39,60,50,22,116.0,70.0,37.0,65.0,87.0,33.0,25.0,19.0,24.0,37.0
12/8/2020,62.0,8,2020,12,37,58,48,20,116.0,67.0,34.0,62.0,84.0,30.0,22.0,16.0,28.0,41.0
12/9/2020,62.0,9,2020,12,37,58,48,20,116.0,70.0,37.0,65.0,87.0,37.0,29.0,23.0,18.0,31.0
12/10/2020,62.0,10,2020,12,37,58,48,20,116.0,66.0,33.0,61.0,83.0,33.0,25.0,19.0,10.0,23.0
12/11/2020,62.0,11,2020,12,37,58,48,20,118.0,68.0,35.0,63.0,85.0,30.0,22.0,16.0,25.0,38.0
12/12/2020,63.0,12,2020,12,38,59,49,21,118.0,67.0,34.0,62.0,84.0,31.0,23.0,17.0,15.0,28.0
12/13/2020,63.0,13,2020,12,38,59,49,21,118.0,66.0,33.0,61.0,83.0,30.0,22.0,16.0,24.0,37.0
12/14/2020,63.0,14,2020,12,38,59,49,21,116.0,67.0,34.0,62.0,84.0,29.0,21.0,15.0,29.0,42.0
12/15/2020,62.0,15,2020,12,37,58,48,20,116.0,70.0,37.0,65.0,87.0,30.0,22.0,16.0,29.0,42.0
12/16/2020,62.0,16,2020,12,37,58,48,20,116.0,72.0,39.0,67.0,89.0,30.0,22.0,16.0,12.0,25.0
12/17/2020,62.0,17,2020,12,37,58,48,20,122.0,66.0,33.0,61.0,83.0,35.0,27.0,21.0,14.0,27.0
12/18/2020,65.0,18,2020,12,40,61,51,23,118.0,68.0,35.0,63.0,85.0,27.0,19.0,13.0,-13.0,0.0
12/19/2020,63.0,19,2020,12,38,59,49,21,124.0,68.0,35.0,63.0,85.0,29.0,21.0,15.0,30.0,43.0
12/20/2020,66.0,20,2020,12,41,62,52,24,116.0,69.0,36.0,64.0,86.0,33.0,25.0,19.0,40.0,53.0
12/21/2020,62.0,21,2020,12,37,58,48,20,120.0,68.0,35.0,63.0,85.0,27.0,19.0,13.0,35.0,48.0
12/22/2020,64.0,22,2020,12,39,60,50,22,120.0,68.0,35.0,63.0,85.0,30.0,22.0,16.0,14.0,27.0
12/23/2020,64.0,23,2020,12,39,60,50,22,116.0,70.0,37.0,65.0,87.0,30.0,22.0,16.0,15.0,28.0
12/24/2020,62.0,24,2020,12,37,58,48,20,116.0,67.0,34.0,62.0,84.0,32.0,24.0,18.0,7.0,20.0
12/25/2020,62.0,25,2020,12,37,58,48,20,118.0,68.0,35.0,63.0,85.0,28.0,20.0,14.0,71.0,84.0
12/26/2020,63.0,26,2020,12,38,59,49,21,116.0,71.0,38.0,66.0,88.0,33.0,25.0,19.0,50.0,63.0
12/27/2020,62.0,27,2020,12,37,58,48,20,120.0,71.0,38.0,66.0,88.0,32.0,24.0,18.0,48.0,61.0
12/28/2020,64.0,28,2020,12,39,60,50,22,118.0,67.0,34.0,62.0,84.0,29.0,21.0,15.0,59.0,72.0
12/29/2020,63.0,29,2020,12,38,59,49,21,116.0,67.0,34.0,62.0,84.0,33.0,25.0,19.0,43.0,56.0
12/30/2020,62.0,30,2020,12,37,58,48,20,120.0,69.0,36.0,64.0,86.0,32.0,24.0,18.0,32.0,45.0
12/31/2020,64.0,31,2020,12,39,60,50,22,124.0,67.0,34.0,62.0,67.0,27.0,19.0,13.0,-13.0,0.0
1/1/2021,79.0,1,2021,1,41,62,52,24,118.0,70.0,37.0,65.0,70.0,27.0,19.0,13.0,38.0,51.0
1/2/2021,76.0,2,2021,1,38,59,49,21,122.0,67.0,34.0,62.0,67.0,31.0,23.0,17.0,43.0,56.0
1/3/2021,78.0,3,2021,1,40,61,51,23,116.0,68.0,35.0,63.0,68.0,33.0,25.0,19.0,34.0,47.0
1/4/2021,75.0,4,2021,1,37,58,48,20,116.0,72.0,39.0,67.0,72.0,32.0,24.0,18.0,26.0,39.0
1/5/2021,75.0,5,2021,1,37,58,48,20,120.0,66.0,33.0,61.0,66.0,30.0,22.0,16.0,48.0,61.0
1/6/2021,77.0,6,2021,1,39,60,50,22,120.0,69.0,36.0,64.0,69.0,27.0,19.0,13.0,-13.0,0.0
1/7/2021,77.0,7,2021,1,39,60,50,22,118.0,69.0,36.0,64.0,69.0,29.0,21.0,15.0,26.0,39.0
1/8/2021,76.0,8,2021,1,38,59,49,21,120.0,70.0,37.0,65.0,70.0,29.0,21.0,15.0,75.0,88.0
1/9/2021,77.0,9,2021,1,39,60,50,22,118.0,67.0,34.0,62.0,67.0,30.0,22.0,16.0,55.0,68.0
1/10/2021,76.0,10,2021,1,38,59,49,21,120.0,69.0,36.0,64.0,69.0,32.0,24.0,18.0,51.0,64.0
1/11/2021,77.0,11,2021,1,39,60,50,22,116.0,70.0,37.0,65.0,70.0,30.0,22.0,16.0,48.0,61.0
1/12/2021,75.0,12,2021,1,37,58,48,20,120.0,67.0,34.0,62.0,67.0,28.0,20.0,14.0,29.0,42.0
1/13/2021,77.0,13,2021,1,39,60,50,22,120.0,68.0,35.0,63.0,68.0,32.0,24.0,18.0,57.0,70.0
1/14/2021,77.0,14,2021,1,39,60,50,22,116.0,68.0,35.0,63.0,68.0,31.0,23.0,17.0,3.0,16.0
1/15/2021,75.0,15,2021,1,37,58,48,20,120.0,67.0,34.0,62.0,67.0,32.0,24.0,18.0,50.0,63.0
1/16/2021,77.0,16,2021,1,39,60,50,22,120.0,69.0,36.0,64.0,69.0,27.0,19.0,13.0,34.0,47.0
1/17/2021,77.0,17,2021,1,39,60,50,22,118.0,66.0,33.0,61.0,66.0,29.0,21.0,15.0,50.0,63.0
1/18/2021,76.0,18,2021,1,38,59,49,21,118.0,70.0,37.0,65.0,70.0,32.0,24.0,18.0,36.0,49.0
1/19/2021,76.0,19,2021,1,38,59,49,21,118.0,72.0,39.0,67.0,72.0,28.0,20.0,14.0,-1.0,12.0
1/20/2021,76.0,20,2021,1,38,59,49,21,120.0,68.0,35.0,63.0,68.0,28.0,20.0,14.0,55.0,68.0
1/21/2021,77.0,21,2021,1,39,60,50,22,118.0,67.0,34.0,62.0,67.0,34.0,26.0,20.0,26.0,39.0
1/22/2021,76.0,22,2021,1,38,59,49,21,116.0,69.0,36.0,64.0,69.0,33.0,25.0,19.0,24.0,37.0
1/23/2021,75.0,23,2021,1,37,58,48,20,116.0,72.0,39.0,67.0,72.0,33.0,25.0,19.0,35.0,48.0
1/24/2021,75.0,24,2021,1,37,58,48,20,116.0,69.0,36.0,64.0,69.0,31.0,23.0,17.0,33.0,46.0
1/25/2021,75.0,25,2021,1,37,58,48,20,122.0,69.0,36.0,64.0,69.0,31.0,23.0,17.0,17.0,30.0
1/26/2021,78.0,26,2021,1,40,61,51,23,122.0,68.0,35.0,63.0,68.0,31.0,23.0,17.0,16.0,29.0
1/27/2021,78.0,27,2021,1,40,61,51,23,116.0,70.0,37.0,65.0,70.0,33.0,25.0,19.0,16.0,29.0
1/28/2021,75.0,28,2021,1,37,58,48,20,120.0,68.0,35.0,63.0,68.0,35.0,27.0,21.0,49.0,62.0
1/29/2021,77.0,29,2021,1,39,60,50,22,118.0,72.0,39.0,67.0,72.0,31.0,23.0,17.0,33.0,46.0
1/30/2021,76.0,30,2021,1,38,59,49,21,120.0,74.0,41.0,69.0,74.0,31.0,23.0,17.0,66.0,79.0
1/31/2021,77.0,31,2021,1,39,60,50,22,126.0,71.0,44.0,39.0,68.0,31.0,23.0,17.0,5.0,18.0
2/1/2021,80.0,1,2021,2,42,63,53,25,116.0,71.0,44.0,39.0,68.0,31.0,23.0,17.0,26.0,39.0
2/2/2021,75.0,2,2021,2,37,58,48,20,118.0,73.0,46.0,41.0,69.0,33.0,25.0,19.0,26.0,39.0
2/3/2021,76.0,3,2021,2,38,59,49,21,118.0,72.0,45.0,40.0,69.0,31.0,23.0,17.0,15.0,28.0
2/4/2021,76.0,4,2021,2,38,59,49,21,120.0,71.0,44.0,39.0,68.0,29.0,21.0,15.0,29.0,42.0
2/5/2021,77.0,5,2021,2,39,60,50,22,116.0,73.0,46.0,41.0,69.0,37.0,29.0,23.0,43.0,56.0
2/6/2021,75.0,6,2021,2,37,58,48,20,118.0,71.0,44.0,39.0,68.0,32.0,24.0,18.0,75.0,88.0
2/7/2021,76.0,7,2021,2,38,59,49,21,122.0,71.0,44.0,39.0,68.0,34.0,26.0,20.0,15.0,28.0
2/8/2021,78.0,8,2021,2,40,61,51,23,120.0,71.0,44.0,39.0,68.0,30.0,22.0,16.0,34.0,47.0
2/9/2021,77.0,9,2021,2,39,60,50,22,116.0,71.0,44.0,39.0,68.0,31.0,23.0,17.0,21.0,34.0
2/10/2021,75.0,10,2021,2,37,58,48,20,118.0,72.0,45.0,40.0,69.0,27.0,19.0,13.0,-13.0,0.0
2/11/2021,76.0,11,2021,2,38,59,49,21,124.0,69.0,42.0,37.0,67.0,33.0,25.0,19.0,46.0,59.0
2/12/2021,79.0,12,2021,2,41,62,52,24,120.0,74.0,47.0,42.0,70.0,30.0,22.0,16.0,28.0,41.0
2/13/2021,77.0,13,2021,2,39,60,50,22,116.0,70.0,43.0,38.0,67.0,34.0,26.0,20.0,30.0,43.0
2/14/2021,75.0,14,2021,2,37,58,48,20,118.0,71.0,44.0,39.0,68.0,32.0,24.0,18.0,39.0,52.0
2/15/2021,76.0,15,2021,2,38,59,49,21,116.0,72.0,45.0,40.0,69.0,29.0,21.0,15.0,16.0,29.0
2/16/2021,75.0,16,2021,2,37,58,48,20,122.0,74.0,47.0,42.0,70.0,31.0,23.0,17.0,13.0,26.0
2/17/2021,78.0,17,2021,2,40,61,51,23,128.0,71.0,44.0,39.0,68.0,28.0,20.0,14.0,30.0,43.0
2/18/2021,81.0,18,2021,2,43,64,54,26,122.0,69.0,42.0,37.0,67.0,28.0,20.0,14.0,15.0,28.0
2/19/2021,78.0,19,2021,2,40,61,51,23,118.0,74.0,47.0,42.0,70.0,30.0,22.0,16.0,23.0,36.0
2/20/2021,76.0,20,2021,2,38,59,49,21,116.0,70.0,43.0,38.0,67.0,30.0,22.0,16.0,43.0,56.0
2/21/2021,75.0,21,2021,2,37,58,48,20,120.0,69.0,42.0,37.0,67.0,32.0,24.0,18.0,38.0,51.0
2/22/2021,77.0,22,2021,2,39,60,50,22,120.0,72.0,45.0,40.0,69.0,28.0,20.0,14.0,28.0,41.0
2/23/2021,77.0,23,2021,2,39,60,50,22,118.0,71.0,44.0,39.0,68.0,29.0,21.0,15.0,22.0,35.0
2/24/2021,76.0,24,2021,2,38,59,49,21,116.0,70.0,43.0,38.0,67.0,29.0,21.0,15.0,17.0,30.0
2/25/2021,75.0,25,2021,2,37,58,48,20,122.0,71.0,44.0,39.0,68.0,33.0,25.0,19.0,15.0,28.0
2/26/2021,78.0,26,2021,2,40,61,51,23,134.0,69.0,42.0,37.0,67.0,33.0,25.0,19.0,10.0,23.0
2/27/2021,84.0,27,2021,2,46,67,57,29,132.0,70.0,43.0,38.0,67.0,31.0,23.0,17.0,53.0,66.0
2/28/2021,83.0,28,2021,2,45,66,56,28,118.0,71.0,44.0,39.0,68.0,30.0,22.0,16.0,9.0,22.0
3/1/2021,84.0,1,2021,3,46,67,40,43,115.0,71.0,44.0,39.0,68.0,31.0,23.0,17.0,17.0,30.0
3/2/2021,81.0,2,2021,3,43,64,37,40,114.0,74.0,47.0,42.0,70.0,37.0,29.0,23.0,8.0,21.0
3/3/2021,80.0,3,2021,3,42,63,36,39,115.0,73.0,46.0,41.0,69.0,29.0,21.0,15.0,42.0,55.0
3/4/2021,81.0,4,2021,3,43,64,37,40,114.0,71.0,44.0,39.0,68.0,27.0,19.0,13.0,14.0,27.0
3/5/2021,80.0,5,2021,3,42,63,36,39,115.0,69.0,42.0,37.0,67.0,31.0,23.0,17.0,25.0,38.0
3/6/2021,81.0,6,2021,3,43,64,37,40,115.0,70.0,43.0,38.0,67.0,34.0,26.0,20.0,51.0,64.0
3/7/2021,81.0,7,2021,3,43,64,37,40,117.0,69.0,42.0,37.0,67.0,34.0,26.0,20.0,30.0,43.0
3/8/2021,83.0,8,2021,3,45,66,39,42,114.0,74.0,47.0,42.0,70.0,33.0,25.0,19.0,20.0,33.0
3/9/2021,80.0,9,2021,3,42,63,36,39,117.0,71.0,44.0,39.0,68.0,32.0,24.0,18.0,9.0,22.0
3/10/2021,83.0,10,2021,3,45,66,39,42,114.0,70.0,43.0,38.0,67.0,37.0,29.0,23.0,10.0,23.0
3/11/2021,80.0,11,2021,3,42,63,36,39,117.0,70.0,43.0,38.0,67.0,31.0,23.0,17.0,9.0,22.0
3/12/2021,83.0,12,2021,3,45,66,39,42,117.0,70.0,43.0,38.0,67.0,33.0,25.0,19.0,28.0,41.0
3/13/2021,83.0,13,2021,3,45,66,39,42,115.0,70.0,43.0,38.0,67.0,31.0,23.0,17.0,46.0,59.0
3/14/2021,81.0,14,2021,3,43,64,37,40,114.0,70.0,43.0,38.0,67.0,30.0,22.0,16.0,23.0,36.0
3/15/2021,80.0,15,2021,3,42,63,36,39,116.0,77.0,50.0,45.0,72.0,30.0,22.0,16.0,11.0,24.0
3/16/2021,82.0,16,2021,3,44,65,38,41,114.0,69.0,42.0,37.0,67.0,40.0,32.0,26.0,24.0,37.0
3/17/2021,80.0,17,2021,3,42,63,36,39,115.0,74.0,47.0,42.0,70.0,31.0,23.0,17.0,47.0,60.0
3/18/2021,81.0,18,2021,3,43,64,37,40,116.0,73.0,46.0,41.0,69.0,32.0,24.0,18.0,12.0,25.0
3/19/2021,82.0,19,2021,3,44,65,38,41,114.0,71.0,44.0,39.0,68.0,35.0,27.0,21.0,7.0,20.0
3/20/2021,80.0,20,2021,3,42,63,36,39,116.0,71.0,44.0,39.0,68.0,36.0,28.0,22.0,29.0,42.0
3/21/2021,82.0,21,2021,3,44,65,38,41,118.0,71.0,44.0,39.0,68.0,34.0,26.0,20.0,33.0,46.0
3/22/2021,84.0,22,2021,3,46,67,40,43,115.0,73.0,46.0,41.0,69.0,27.0,19.0,13.0,29.0,42.0
3/23/2021,81.0,23,2021,3,43,64,37,40,119.0,71.0,44.0,39.0,68.0,30.0,22.0,16.0,11.0,24.0
3/24/2021,0.0,24,2021,3,47,68,41,44,115.0,72.0,45.0,40.0,69.0,29.0,21.0,15.0,19.0,32.0
3/25/2021,81.0,25,2021,3,43,64,37,40,116.0,71.0,44.0,39.0,68.0,34.0,26.0,20.0,30.0,43.0
3/26/2021,82.0,26,2021,3,44,65,38,41,116.0,70.0,43.0,38.0,67.0,27.0,19.0,13.0,20.0,33.0
3/27/2021,82.0,27,2021,3,44,65,38,41,114.0,71.0,44.0,39.0,68.0,31.0,23.0,17.0,51.0,64.0
3/28/2021,80.0,28,2021,3,42,63,36,39,118.0,70.0,43.0,38.0,67.0,28.0,20.0,14.0,11.0,24.0
3/29/2021,84.0,29,2021,3,46,67,40,43,115.0,69.0,42.0,37.0,67.0,28.0,20.0,14.0,23.0,36.0
3/30/2021,81.0,30,2021,3,43,64,37,40,117.0,70.0,43.0,38.0,67.0,29.0,21.0,15.0,9.0,22.0
3/31/2021,83.0,31,2021,3,45,66,39,42,67.0,69.0,42.0,37.0,67.0,36.0,28.0,22.0,18.0,31.0
4/1/2021,84.0,1,2021,4,46,67,40,43,69.0,73.0,46.0,41.0,69.0,29.0,21.0,15.0,38.0,51.0
4/2/2021,86.0,2,2021,4,48,69,42,45,64.0,71.0,44.0,39.0,68.0,28.0,20.0,14.0,19.0,32.0
4/3/2021,81.0,3,2021,4,43,64,37,40,64.0,69.0,42.0,37.0,67.0,33.0,25.0,19.0,61.0,74.0
4/4/2021,81.0,4,2021,4,43,64,37,40,64.0,70.0,43.0,38.0,67.0,32.0,24.0,18.0,8.0,21.0
4/5/2021,81.0,5,2021,4,43,64,37,40,67.0,70.0,43.0,38.0,67.0,32.0,24.0,18.0,27.0,40.0
4/6/2021,84.0,6,2021,4,46,67,40,43,64.0,70.0,43.0,38.0,67.0,32.0,24.0,18.0,2.0,15.0
4/7/2021,81.0,7,2021,4,43,64,37,40,68.0,70.0,43.0,38.0,67.0,32.0,24.0,18.0,8.0,21.0
4/8/2021,85.0,8,2021,4,47,68,41,44,68.0,72.0,45.0,40.0,69.0,30.0,22.0,16.0,29.0,42.0
4/9/2021,85.0,9,2021,4,47,68,41,44,63.0,69.0,42.0,37.0,67.0,35.0,27.0,21.0,25.0,38.0
4/10/2021,80.0,10,2021,4,42,63,36,39,70.0,69.0,42.0,37.0,67.0,34.0,26.0,20.0,8.0,21.0
4/11/2021,87.0,11,2021,4,49,70,43,46,65.0,70.0,43.0,38.0,67.0,31.0,23.0,17.0,13.0,26.0
4/12/2021,82.0,12,2021,4,44,65,38,41,65.0,69.0,42.0,37.0,67.0,28.0,20.0,14.0,10.0,23.0
4/13/2021,82.0,13,2021,4,44,65,38,41,67.0,71.0,44.0,39.0,68.0,30.0,22.0,16.0,8.0,21.0
4/14/2021,84.0,14,2021,4,46,67,40,43,68.0,71.0,44.0,39.0,68.0,29.0,21.0,15.0,32.0,45.0
4/15/2021,85.0,15,2021,4,47,68,41,44,67.0,71.0,44.0,39.0,68.0,29.0,21.0,15.0,11.0,24.0
4/16/2021,84.0,16,2021,4,46,67,40,43,65.0,69.0,42.0,37.0,67.0,33.0,25.0,19.0,20.0,33.0
4/17/2021,82.0,17,2021,4,44,65,38,41,66.0,72.0,45.0,40.0,69.0,35.0,27.0,21.0,29.0,42.0
4/18/2021,83.0,18,2021,4,45,66,39,42,69.0,72.0,45.0,40.0,69.0,29.0,21.0,15.0,9.0,22.0
4/19/2021,86.0,19,2021,4,48,69,42,45,65.0,70.0,43.0,38.0,67.0,28.0,20.0,14.0,11.0,24.0
4/20/2021,82.0,20,2021,4,44,65,38,41,67.0,71.0,44.0,39.0,68.0,30.0,22.0,16.0,4.0,17.0
4/21/2021,84.0,21,2021,4,46,67,40,43,67.0,74.0,47.0,42.0,70.0,30.0,22.0,16.0,9.0,22.0
4/22/2021,84.0,22,2021,4,46,67,40,43,66.0,72.0,45.0,40.0,69.0,32.0,24.0,18.0,9.0,22.0
4/23/2021,83.0,23,2021,4,45,66,39,42,64.0,69.0,42.0,37.0,67.0,30.0,22.0,16.0,20.0,33.0
4/24/2021,81.0,24,2021,4,43,64,37,40,73.0,69.0,42.0,37.0,67.0,33.0,25.0,19.0,24.0,37.0
4/25/2021,90.0,25,2021,4,52,73,46,49,69.0,70.0,43.0,38.0,67.0,28.0,20.0,14.0,8.0,21.0
4/26/2021,86.0,26,2021,4,48,69,42,45,66.0,69.0,42.0,37.0,67.0,31.0,23.0,17.0,14.0,27.0
4/27/2021,83.0,27,2021,4,45,66,39,42,70.0,72.0,45.0,40.0,69.0,32.0,24.0,18.0,21.0,34.0
4/28/2021,87.0,28,2021,4,49,70,43,46,67.0,59.0,32.0,27.0,60.0,33.0,25.0,19.0,15.0,28.0
4/29/2021,84.0,29,2021,4,46,67,40,43,68.0,58.0,31.0,26.0,59.0,30.0,22.0,16.0,24.0,37.0
4/30/2021,85.0,30,2021,4,47,68,41,44,69.0,62.0,52.0,24.0,124.0,30.0,22.0,16.0,13.0,26.0
5/1/2021,86.0,1,2021,5,48,69,42,45,66.0,59.0,49.0,21.0,118.0,27.0,19.0,13.0,-13.0,0.0
5/2/2021,83.0,2,2021,5,45,66,39,42,66.0,61.0,51.0,23.0,122.0,27.0,19.0,13.0,26.0,39.0
5/3/2021,83.0,3,2021,5,45,66,39,42,69.0,58.0,48.0,20.0,116.0,33.0,25.0,19.0,7.0,20.0
5/4/2021,86.0,4,2021,5,48,69,42,45,73.0,58.0,48.0,20.0,116.0,29.0,21.0,15.0,17.0,30.0
5/5/2021,90.0,5,2021,5,52,73,46,49,64.0,60.0,50.0,22.0,120.0,30.0,22.0,16.0,28.0,41.0
5/6/2021,81.0,6,2021,5,43,64,37,40,69.0,60.0,50.0,22.0,120.0,30.0,22.0,16.0,21.0,34.0
5/7/2021,86.0,7,2021,5,48,69,42,45,73.0,59.0,49.0,21.0,118.0,36.0,28.0,22.0,34.0,47.0
5/8/2021,90.0,8,2021,5,52,73,46,49,67.0,60.0,50.0,22.0,120.0,37.0,29.0,23.0,23.0,36.0
5/9/2021,84.0,9,2021,5,46,67,40,43,71.0,59.0,49.0,21.0,118.0,33.0,25.0,19.0,16.0,29.0
5/10/2021,88.0,10,2021,5,50,71,44,47,68.0,60.0,50.0,22.0,120.0,30.0,22.0,16.0,15.0,28.0
5/11/2021,85.0,11,2021,5,47,68,41,44,68.0,58.0,48.0,20.0,116.0,31.0,23.0,17.0,8.0,21.0
5/12/2021,85.0,12,2021,5,47,68,41,44,66.0,60.0,50.0,22.0,120.0,27.0,19.0,13.0,5.0,18.0
5/13/2021,83.0,13,2021,5,45,66,39,42,67.0,60.0,50.0,22.0,120.0,28.0,20.0,14.0,10.0,23.0
5/14/2021,84.0,14,2021,5,46,67,40,43,71.0,58.0,48.0,20.0,116.0,30.0,22.0,16.0,18.0,31.0
5/15/2021,88.0,15,2021,5,50,71,44,47,65.0,60.0,50.0,22.0,120.0,35.0,27.0,21.0,31.0,44.0
5/16/2021,82.0,16,2021,5,44,65,38,41,66.0,60.0,50.0,22.0,120.0,30.0,22.0,16.0,11.0,24.0
5/17/2021,83.0,17,2021,5,45,66,39,42,69.0,59.0,49.0,21.0,118.0,29.0,21.0,15.0,24.0,37.0
5/18/2021,86.0,18,2021,5,48,69,42,45,66.0,59.0,49.0,21.0,118.0,32.0,24.0,18.0,22.0,35.0
5/19/2021,83.0,19,2021,5,45,66,39,42,70.0,59.0,49.0,21.0,118.0,32.0,24.0,18.0,17.0,30.0
5/20/2021,87.0,20,2021,5,49,70,43,46,70.0,60.0,50.0,22.0,120.0,28.0,20.0,14.0,-2.0,11.0
5/21/2021,87.0,21,2021,5,49,70,43,46,64.0,59.0,49.0,21.0,118.0,32.0,24.0,18.0,29.0,42.0
5/22/2021,81.0,22,2021,5,43,64,37,40,66.0,58.0,48.0,20.0,116.0,31.0,23.0,17.0,42.0,55.0
5/23/2021,83.0,23,2021,5,45,66,39,42,73.0,58.0,48.0,20.0,116.0,29.0,21.0,15.0,41.0,54.0
5/24/2021,90.0,24,2021,5,52,73,46,49,64.0,58.0,48.0,20.0,116.0,30.0,22.0,16.0,19.0,32.0
5/25/2021,81.0,25,2021,5,43,64,37,40,66.0,61.0,51.0,23.0,122.0,28.0,20.0,14.0,12.0,25.0
5/26/2021,83.0,26,2021,5,45,66,39,42,66.0,61.0,51.0,23.0,122.0,31.0,23.0,17.0,11.0,24.0
5/27/2021,83.0,27,2021,5,45,66,39,42,71.0,58.0,48.0,20.0,116.0,29.0,21.0,15.0,4.0,17.0
5/28/2021,88.0,28,2021,5,50,71,44,47,74.0,60.0,50.0,22.0,120.0,27.0,19.0,13.0,30.0,43.0
5/29/2021,91.0,29,2021,5,53,74,47,50,69.0,59.0,49.0,21.0,118.0,31.0,23.0,17.0,15.0,28.0
5/30/2021,86.0,30,2021,5,48,69,42,45,72.0,60.0,50.0,22.0,120.0,30.0,22.0,16.0,16.0,29.0
5/31/2021,89.0,31,2021,5,51,72,45,48,85.0,63.0,53.0,25.0,126.0,29.0,21.0,15.0,1.0,14.0
6/1/2021,85.0,1,2021,6,47,68,35,63,84.0,58.0,48.0,20.0,116.0,27.0,19.0,13.0,4.0,17.0
6/2/2021,84.0,2,2021,6,46,67,34,62,90.0,59.0,49.0,21.0,118.0,33.0,25.0,19.0,8.0,21.0
6/3/2021,90.0,3,2021,6,52,73,40,68,85.0,59.0,49.0,21.0,118.0,30.0,22.0,16.0,5.0,18.0
6/4/2021,85.0,4,2021,6,47,68,35,63,89.0,60.0,50.0,22.0,120.0,30.0,22.0,16.0,8.0,21.0
6/5/2021,89.0,5,2021,6,51,72,39,67,89.0,58.0,48.0,20.0,116.0,30.0,22.0,16.0,10.0,23.0
6/6/2021,89.0,6,2021,6,51,72,39,67,88.0,59.0,49.0,21.0,118.0,30.0,22.0,16.0,13.0,26.0
6/7/2021,88.0,7,2021,6,50,71,38,66,85.0,61.0,51.0,23.0,122.0,30.0,22.0,16.0,15.0,28.0
6/8/2021,85.0,8,2021,6,47,68,35,63,86.0,60.0,50.0,22.0,120.0,28.0,20.0,14.0,32.0,45.0
6/9/2021,86.0,9,2021,6,48,69,36,64,88.0,58.0,48.0,20.0,116.0,31.0,23.0,17.0,8.0,21.0
6/10/2021,88.0,10,2021,6,50,71,38,66,87.0,59.0,49.0,21.0,118.0,30.0,22.0,16.0,3.0,16.0
6/11/2021,87.0,11,2021,6,49,70,37,65,85.0,62.0,52.0,24.0,124.0,30.0,22.0,16.0,22.0,35.0
6/12/2021,85.0,12,2021,6,47,68,35,63,92.0,60.0,50.0,22.0,120.0,33.0,25.0,19.0,34.0,47.0
6/13/2021,92.0,13,2021,6,54,75,42,70,88.0,58.0,48.0,20.0,116.0,31.0,23.0,17.0,2.0,15.0
6/14/2021,88.0,14,2021,6,50,71,38,66,85.0,59.0,49.0,21.0,118.0,33.0,25.0,19.0,4.0,17.0
6/15/2021,85.0,15,2021,6,47,68,35,63,87.0,58.0,48.0,20.0,116.0,32.0,24.0,18.0,4.0,17.0
6/16/2021,87.0,16,2021,6,49,70,37,65,83.0,61.0,51.0,23.0,122.0,27.0,19.0,13.0,8.0,21.0
6/17/2021,83.0,17,2021,6,45,66,33,61,84.0,64.0,54.0,26.0,128.0,30.0,22.0,16.0,7.0,20.0
6/18/2021,84.0,18,2021,6,46,67,34,62,79.0,61.0,51.0,23.0,122.0,31.0,23.0,17.0,24.0,37.0
6/19/2021,79.0,19,2021,6,41,62,29,57,82.0,59.0,49.0,21.0,118.0,32.0,24.0,18.0,27.0,40.0
6/20/2021,82.0,20,2021,6,44,65,32,60,82.0,58.0,48.0,20.0,116.0,30.0,22.0,16.0,9.0,22.0
6/21/2021,82.0,21,2021,6,44,65,32,60,86.0,60.0,50.0,22.0,120.0,32.0,24.0,18.0,10.0,23.0
6/22/2021,86.0,22,2021,6,48,69,36,64,86.0,60.0,50.0,22.0,120.0,33.0,25.0,19.0,29.0,42.0
6/23/2021,86.0,23,2021,6,48,69,36,64,87.0,59.0,49.0,21.0,118.0,27.0,19.0,13.0,6.0,19.0
6/24/2021,87.0,24,2021,6,49,70,37,65,85.0,58.0,48.0,20.0,116.0,29.0,21.0,15.0,6.0,19.0
6/25/2021,85.0,25,2021,6,47,68,35,63,89.0,61.0,51.0,23.0,122.0,31.0,23.0,17.0,7.0,20.0
6/26/2021,89.0,26,2021,6,51,72,39,67,86.0,67.0,57.0,29.0,134.0,30.0,22.0,16.0,4.0,17.0
6/27/2021,86.0,27,2021,6,48,69,36,64,87.0,66.0,56.0,28.0,132.0,30.0,22.0,16.0,11.0,24.0
6/28/2021,87.0,28,2021,6,49,70,37,65,70.0,67.0,40.0,43.0,118.0,28.0,20.0,14.0,11.0,24.0
6/29/2021,93.0,29,2021,6,55,76,43,71,69.0,64.0,37.0,40.0,115.0,34.0,26.0,20.0,9.0,22.0
6/30/2021,84.0,30,2021,6,46,67,34,62,70.0,63.0,36.0,39.0,114.0,28.0,20.0,14.0,-6.0,7.0
7/1/2021,87.0,1,2021,7,49,70,37,65,69.0,64.0,37.0,40.0,115.0,28.0,20.0,14.0,10.0,23.0
7/2/2021,86.0,2,2021,7,48,69,36,64,69.0,63.0,36.0,39.0,114.0,31.0,23.0,17.0,12.0,25.0
7/3/2021,87.0,3,2021,7,49,70,37,65,68.0,64.0,37.0,40.0,115.0,31.0,23.0,17.0,6.0,19.0
7/4/2021,86.0,4,2021,7,48,69,36,64,69.0,64.0,37.0,40.0,115.0,32.0,24.0,18.0,1.0,14.0
7/5/2021,86.0,5,2021,7,48,69,36,64,72.0,66.0,39.0,42.0,117.0,30.0,22.0,16.0,6.0,19.0
7/6/2021,85.0,6,2021,7,47,68,35,63,76.0,63.0,36.0,39.0,114.0,32.0,24.0,18.0,17.0,30.0
7/7/2021,86.0,7,2021,7,48,69,36,64,73.0,66.0,39.0,42.0,117.0,32.0,24.0,18.0,8.0,21.0
7/8/2021,89.0,8,2021,7,51,72,39,67,69.0,63.0,36.0,39.0,114.0,33.0,25.0,19.0,15.0,28.0
7/9/2021,93.0,9,2021,7,55,76,43,71,68.0,66.0,39.0,42.0,117.0,33.0,25.0,19.0,-2.0,11.0
7/10/2021,90.0,10,2021,7,52,73,40,68,75.0,66.0,39.0,42.0,117.0,32.0,24.0,18.0,8.0,21.0
7/11/2021,86.0,11,2021,7,48,69,36,64,70.0,64.0,37.0,40.0,115.0,27.0,19.0,13.0,1.0,14.0
7/12/2021,85.0,12,2021,7,47,68,35,63,68.0,63.0,36.0,39.0,114.0,29.0,21.0,15.0,12.0,25.0
7/13/2021,92.0,13,2021,7,54,75,42,70,69.0,65.0,38.0,41.0,116.0,32.0,24.0,18.0,7.0,20.0
7/14/2021,87.0,14,2021,7,49,70,37,65,69.0,63.0,36.0,39.0,114.0,27.0,19.0,13.0,-3.0,10.0
7/15/2021,85.0,15,2021,7,47,68,35,63,68.0,64.0,37.0,40.0,115.0,33.0,25.0,19.0,1.0,14.0
7/16/2021,86.0,16,2021,7,48,69,36,64,70.0,65.0,38.0,41.0,116.0,33.0,25.0,19.0,10.0,23.0
7/17/2021,86.0,17,2021,7,48,69,36,64,69.0,63.0,36.0,39.0,114.0,30.0,22.0,16.0,9.0,22.0
7/18/2021,85.0,18,2021,7,47,68,35,63,68.0,65.0,38.0,41.0,116.0,29.0,21.0,15.0,12.0,25.0
7/19/2021,87.0,19,2021,7,49,70,37,65,76.0,67.0,40.0,43.0,118.0,28.0,20.0,14.0,-4.0,9.0
7/20/2021,86.0,20,2021,7,48,69,36,64,70.0,64.0,37.0,40.0,115.0,29.0,21.0,15.0,6.0,19.0
7/21/2021,85.0,21,2021,7,47,68,35,63,66.0,68.0,41.0,44.0,119.0,32.0,24.0,18.0,4.0,17.0
7/22/2021,93.0,22,2021,7,55,76,43,71,67.0,64.0,37.0,40.0,115.0,28.0,20.0,14.0,0.0,13.0
7/23/2021,87.0,23,2021,7,49,70,37,65,69.0,65.0,38.0,41.0,116.0,31.0,23.0,17.0,1.0,14.0
7/24/2021,83.0,24,2021,7,45,66,33,61,67.0,65.0,38.0,41.0,116.0,31.0,23.0,17.0,19.0,32.0
7/25/2021,84.0,25,2021,7,46,67,34,62,68.0,63.0,36.0,39.0,114.0,30.0,22.0,16.0,9.0,22.0
7/26/2021,86.0,26,2021,7,48,69,36,64,70.0,67.0,40.0,43.0,118.0,29.0,21.0,15.0,-3.0,10.0
7/27/2021,84.0,27,2021,7,46,67,34,62,68.0,64.0,37.0,40.0,115.0,33.0,25.0,19.0,-4.0,9.0
7/28/2021,85.0,28,2021,7,47,68,35,63,66.0,66.0,39.0,42.0,117.0,31.0,23.0,17.0,2.0,15.0
7/29/2021,87.0,29,2021,7,49,70,37,65,67.0,59.0,49.0,21.0,118.0,31.0,23.0,17.0,-3.0,10.0
7/30/2021,85.0,30,2021,7,47,68,35,63,70.0,59.0,49.0,21.0,118.0,31.0,23.0,17.0,24.0,37.0
7/31/2021,83.0,31,2021,7,45,66,33,61,67.0,60.0,50.0,22.0,120.0,31.0,23.0,17.0,9.0,22.0
8/1/2021,84.0,1,2021,8,46,67,34,62,68.0,59.0,49.0,21.0,118.0,28.0,20.0,14.0,1.0,14.0
8/2/2021,87.0,2,2021,8,49,70,37,65,72.0,64.0,54.0,26.0,128.0,34.0,26.0,20.0,-1.0,12.0
8/3/2021,84.0,3,2021,8,46,67,34,62,66.0,58.0,48.0,20.0,116.0,28.0,20.0,14.0,8.0,21.0
8/4/2021,85.0,4,2021,8,47,68,35,63,69.0,59.0,49.0,21.0,118.0,29.0,21.0,15.0,21.0,34.0
8/5/2021,89.0,5,2021,8,51,72,39,67,69.0,60.0,50.0,22.0,120.0,30.0,22.0,16.0,8.0,21.0
8/6/2021,83.0,6,2021,8,45,66,33,61,70.0,59.0,49.0,21.0,118.0,27.0,19.0,13.0,4.0,17.0
8/7/2021,86.0,7,2021,8,48,69,36,64,67.0,59.0,49.0,21.0,118.0,30.0,22.0,16.0,27.0,40.0
8/8/2021,86.0,8,2021,8,48,69,36,64,69.0,58.0,48.0,20.0,116.0,32.0,24.0,18.0,2.0,15.0
8/9/2021,87.0,9,2021,8,49,70,37,65,70.0,59.0,49.0,21.0,118.0,31.0,23.0,17.0,15.0,28.0
8/10/2021,84.0,10,2021,8,46,67,34,62,67.0,59.0,49.0,21.0,118.0,30.0,22.0,16.0,11.0,24.0
8/11/2021,86.0,11,2021,8,48,69,36,64,68.0,58.0,48.0,20.0,116.0,30.0,22.0,16.0,12.0,25.0
8/12/2021,87.0,12,2021,8,49,70,37,65,68.0,60.0,50.0,22.0,120.0,32.0,24.0,18.0,14.0,27.0
8/13/2021,84.0,13,2021,8,46,67,34,62,67.0,59.0,49.0,21.0,118.0,33.0,25.0,19.0,19.0,32.0
8/14/2021,85.0,14,2021,8,47,68,35,63,69.0,58.0,48.0,20.0,116.0,31.0,23.0,17.0,4.0,17.0
8/15/2021,85.0,15,2021,8,47,68,35,63,66.0,59.0,49.0,21.0,118.0,28.0,20.0,14.0,8.0,21.0
8/16/2021,84.0,16,2021,8,46,67,34,62,70.0,58.0,48.0,20.0,116.0,31.0,23.0,17.0,1.0,14.0
8/17/2021,86.0,17,2021,8,48,69,36,64,72.0,59.0,49.0,21.0,118.0,29.0,21.0,15.0,-3.0,10.0
8/18/2021,83.0,18,2021,8,45,66,33,61,68.0,58.0,48.0,20.0,116.0,30.0,22.0,16.0,12.0,25.0
8/19/2021,87.0,19,2021,8,49,70,37,65,67.0,58.0,48.0,20.0,116.0,30.0,22.0,16.0,11.0,24.0
8/20/2021,89.0,20,2021,8,51,72,39,67,69.0,59.0,49.0,21.0,118.0,30.0,22.0,16.0,13.0,26.0
8/21/2021,85.0,21,2021,8,47,68,35,63,72.0,61.0,51.0,23.0,122.0,30.0,22.0,16.0,26.0,39.0
8/22/2021,84.0,22,2021,8,46,67,34,62,69.0,63.0,53.0,25.0,126.0,29.0,21.0,15.0,10.0,23.0
8/23/2021,86.0,23,2021,8,48,69,36,64,69.0,59.0,49.0,21.0,118.0,29.0,21.0,15.0,2.0,15.0
8/24/2021,89.0,24,2021,8,51,72,39,67,68.0,61.0,51.0,23.0,122.0,30.0,22.0,16.0,-2.0,11.0
8/25/2021,86.0,25,2021,8,48,69,36,64,70.0,60.0,50.0,22.0,120.0,29.0,21.0,15.0,6.0,19.0
8/26/2021,86.0,26,2021,8,48,69,36,64,68.0,59.0,49.0,21.0,118.0,28.0,20.0,14.0,7.0,20.0
8/27/2021,85.0,27,2021,8,47,68,35,63,72.0,58.0,48.0,20.0,116.0,28.0,20.0,14.0,4.0,17.0
8/28/2021,87.0,28,2021,8,49,70,37,65,74.0,63.0,53.0,25.0,126.0,32.0,24.0,18.0,21.0,34.0
8/29/2021,85.0,29,2021,8,47,68,35,63,68.0,67.0,40.0,43.0,67.0,27.0,19.0,13.0,1.0,14.0
8/30/2021,89.0,30,2021,8,51,72,39,67,68.0,69.0,42.0,45.0,69.0,27.0,19.0,13.0,-5.0,8.0
8/31/2021,91.0,31,2021,8,53,74,41,69,69.0,64.0,37.0,40.0,64.0,31.0,23.0,17.0,4.0,17.0
9/1/2021,57.0,1,2021,9,50,71,44,39,69.0,64.0,37.0,40.0,64.0,30.0,22.0,16.0,17.0,30.0
9/2/2021,57.0,2,2021,9,50,71,44,39,68.0,64.0,37.0,40.0,64.0,30.0,22.0,16.0,-3.0,10.0
9/3/2021,59.0,3,2021,9,52,73,46,41,69.0,67.0,40.0,43.0,67.0,30.0,22.0,16.0,41.0,54.0
9/4/2021,58.0,4,2021,9,51,72,45,40,68.0,64.0,37.0,40.0,64.0,31.0,23.0,17.0,18.0,31.0
9/5/2021,57.0,5,2021,9,50,71,44,39,68.0,68.0,41.0,44.0,68.0,31.0,23.0,17.0,19.0,32.0
9/6/2021,59.0,6,2021,9,52,73,46,41,68.0,68.0,41.0,44.0,68.0,28.0,20.0,14.0,20.0,33.0
9/7/2021,57.0,7,2021,9,50,71,44,39,68.0,63.0,36.0,39.0,63.0,28.0,20.0,14.0,19.0,32.0
9/8/2021,57.0,8,2021,9,50,71,44,39,69.0,70.0,43.0,46.0,70.0,30.0,22.0,16.0,15.0,28.0
9/9/2021,57.0,9,2021,9,50,71,44,39,67.0,65.0,38.0,41.0,65.0,28.0,20.0,14.0,7.0,20.0
9/10/2021,57.0,10,2021,9,50,71,44,39,70.0,65.0,38.0,41.0,65.0,38.0,30.0,24.0,21.0,34.0
9/11/2021,58.0,11,2021,9,51,72,45,40,67.0,67.0,40.0,43.0,67.0,34.0,26.0,20.0,44.0,57.0
9/12/2021,55.0,12,2021,9,48,69,42,37,68.0,68.0,41.0,44.0,68.0,31.0,23.0,17.0,11.0,24.0
9/13/2021,60.0,13,2021,9,53,74,47,42,69.0,67.0,40.0,43.0,67.0,32.0,24.0,18.0,17.0,30.0
9/14/2021,56.0,14,2021,9,49,70,43,38,70.0,65.0,38.0,41.0,65.0,30.0,22.0,16.0,11.0,24.0
9/15/2021,57.0,15,2021,9,50,71,44,39,68.0,66.0,39.0,42.0,66.0,33.0,25.0,19.0,25.0,38.0
9/16/2021,58.0,16,2021,9,51,72,45,40,67.0,69.0,42.0,45.0,69.0,28.0,20.0,14.0,13.0,26.0
9/17/2021,60.0,17,2021,9,53,74,47,42,70.0,65.0,38.0,41.0,65.0,30.0,22.0,16.0,43.0,56.0
9/18/2021,57.0,18,2021,9,50,71,44,39,67.0,67.0,40.0,43.0,67.0,33.0,25.0,19.0,11.0,24.0
9/19/2021,55.0,19,2021,9,48,69,42,37,67.0,67.0,40.0,43.0,67.0,30.0,22.0,16.0,18.0,31.0
9/20/2021,60.0,20,2021,9,53,74,47,42,69.0,66.0,39.0,42.0,66.0,29.0,21.0,15.0,20.0,33.0
9/21/2021,56.0,21,2021,9,49,70,43,38,68.0,64.0,37.0,40.0,64.0,31.0,23.0,17.0,6.0,19.0
9/22/2021,55.0,22,2021,9,48,69,42,37,67.0,73.0,46.0,49.0,73.0,29.0,21.0,15.0,7.0,20.0
9/23/2021,58.0,23,2021,9,51,72,45,40,68.0,69.0,42.0,45.0,69.0,31.0,23.0,17.0,11.0,24.0
9/24/2021,57.0,24,2021,9,50,71,44,39,67.0,66.0,39.0,42.0,66.0,30.0,22.0,16.0,48.0,61.0
9/25/2021,56.0,25,2021,9,49,70,43,38,67.0,70.0,43.0,46.0,70.0,31.0,23.0,17.0,48.0,61.0
9/26/2021,57.0,26,2021,9,50,71,44,39,68.0,67.0,40.0,43.0,67.0,27.0,19.0,13.0,43.0,56.0
9/27/2021,55.0,27,2021,9,48,69,42,37,67.0,68.0,41.0,44.0,68.0,32.0,24.0,18.0,31.0,44.0
9/28/2021,56.0,28,2021,9,49,70,43,38,68.0,69.0,42.0,45.0,69.0,27.0,19.0,13.0,39.0,52.0
9/29/2021,57.0,29,2021,9,50,71,44,39,68.0,66.0,39.0,42.0,66.0,29.0,21.0,15.0,35.0,48.0
9/30/2021,56.0,30,2021,9,49,70,43,38,70.0,66.0,39.0,42.0,66.0,29.0,21.0,15.0,-6.0,7.0
10/1/2021,57.0,1,2021,10,50,71,44,39,69.0,69.0,42.0,45.0,69.0,33.0,25.0,19.0,40.0,53.0
10/2/2021,57.0,2,2021,10,50,71,44,39,68.0,73.0,46.0,49.0,73.0,30.0,22.0,16.0,67.0,80.0
10/3/2021,60.0,3,2021,10,53,74,47,42,67.0,64.0,37.0,40.0,64.0,31.0,23.0,17.0,47.0,60.0
10/4/2021,59.0,4,2021,10,52,73,46,41,67.0,69.0,42.0,45.0,69.0,29.0,21.0,15.0,28.0,41.0
10/5/2021,57.0,5,2021,10,50,71,44,39,67.0,73.0,46.0,49.0,73.0,30.0,22.0,16.0,65.0,78.0
10/6/2021,55.0,6,2021,10,48,69,42,37,70.0,67.0,40.0,43.0,67.0,30.0,22.0,16.0,25.0,38.0
10/7/2021,56.0,7,2021,10,49,70,43,38,68.0,71.0,44.0,47.0,71.0,31.0,23.0,17.0,27.0,40.0
10/8/2021,55.0,8,2021,10,48,69,42,37,67.0,68.0,41.0,44.0,68.0,33.0,25.0,19.0,31.0,44.0
10/9/2021,60.0,9,2021,10,53,74,47,42,67.0,68.0,41.0,44.0,68.0,32.0,24.0,18.0,75.0,88.0
10/10/2021,57.0,10,2021,10,50,71,44,39,67.0,66.0,39.0,42.0,66.0,32.0,24.0,18.0,19.0,32.0
10/11/2021,56.0,11,2021,10,49,70,43,38,67.0,67.0,40.0,43.0,67.0,28.0,20.0,14.0,39.0,52.0
10/12/2021,56.0,12,2021,10,49,70,43,38,67.0,71.0,44.0,47.0,71.0,28.0,20.0,14.0,28.0,41.0
10/13/2021,56.0,13,2021,10,49,70,43,38,72.0,65.0,38.0,41.0,65.0,29.0,21.0,15.0,27.0,40.0
10/14/2021,56.0,14,2021,10,49,70,43,38,67.0,66.0,39.0,42.0,66.0,31.0,23.0,17.0,20.0,33.0
10/15/2021,56.0,15,2021,10,49,70,43,38,70.0,69.0,42.0,45.0,69.0,32.0,24.0,18.0,33.0,46.0
10/16/2021,63.0,16,2021,10,56,77,50,45,69.0,66.0,39.0,42.0,66.0,31.0,23.0,17.0,76.0,89.0
10/17/2021,55.0,17,2021,10,48,69,42,37,68.0,70.0,43.0,46.0,70.0,30.0,22.0,16.0,18.0,31.0
10/18/2021,60.0,18,2021,10,53,74,47,42,68.0,70.0,43.0,46.0,70.0,32.0,24.0,18.0,29.0,42.0
10/19/2021,59.0,19,2021,10,52,73,46,41,68.0,64.0,37.0,40.0,64.0,33.0,25.0,19.0,13.0,26.0
10/20/2021,57.0,20,2021,10,50,71,44,39,69.0,66.0,39.0,42.0,66.0,32.0,24.0,18.0,31.0,44.0
10/21/2021,57.0,21,2021,10,50,71,44,39,68.0,73.0,46.0,49.0,73.0,29.0,21.0,15.0,21.0,34.0
10/22/2021,57.0,22,2021,10,50,71,44,39,69.0,64.0,37.0,40.0,64.0,29.0,21.0,15.0,16.0,29.0
10/23/2021,59.0,23,2021,10,52,73,46,41,68.0,66.0,39.0,42.0,66.0,32.0,24.0,18.0,37.0,50.0
10/24/2021,57.0,24,2021,10,50,71,44,39,67.0,66.0,39.0,42.0,66.0,28.0,20.0,14.0,24.0,37.0
10/25/2021,58.0,25,2021,10,51,72,45,40,68.0,71.0,44.0,47.0,71.0,30.0,22.0,16.0,48.0,61.0
10/26/2021,57.0,26,2021,10,50,71,44,39,67.0,74.0,47.0,50.0,74.0,29.0,21.0,15.0,4.0,17.0
10/27/2021,56.0,27,2021,10,49,70,43,38,67.0,69.0,42.0,45.0,69.0,28.0,20.0,14.0,14.0,27.0
10/28/2021,57.0,28,2021,10,50,71,44,39,67.0,72.0,45.0,48.0,72.0,29.0,21.0,15.0,11.0,24.0
10/29/2021,56.0,29,2021,10,49,70,43,38,67.0,68.0,35.0,63.0,85.0,32.0,24.0,18.0,65.0,78.0
10/30/2021,55.0,30,2021,10,48,69,42,37,69.0,67.0,34.0,62.0,84.0,36.0,28.0,22.0,59.0,72.0
10/31/2021,56.0,31,2021,10,49,70,43,38,68.0,73.0,40.0,68.0,90.0,28.0,20.0,14.0,22.0,35.0
11/1/2021,55.0,1,2021,11,48,69,42,37,67.0,68.0,35.0,63.0,85.0,28.0,20.0,14.0,9.0,22.0
11/2/2021,59.0,2,2021,11,52,73,46,41,67.0,72.0,39.0,67.0,89.0,30.0,22.0,16.0,29.0,42.0
11/3/2021,57.0,3,2021,11,50,71,44,39,67.0,72.0,39.0,67.0,89.0,28.0,20.0,14.0,16.0,29.0
11/4/2021,55.0,4,2021,11,48,69,42,37,67.0,71.0,38.0,66.0,88.0,30.0,22.0,16.0,10.0,23.0
11/5/2021,56.0,5,2021,11,49,70,43,38,67.0,68.0,35.0,63.0,85.0,29.0,21.0,15.0,22.0,35.0
11/6/2021,56.0,6,2021,11,49,70,43,38,69.0,69.0,36.0,64.0,86.0,29.0,21.0,15.0,28.0,41.0
11/7/2021,56.0,7,2021,11,49,70,43,38,67.0,71.0,38.0,66.0,88.0,29.0,21.0,15.0,22.0,35.0
11/8/2021,56.0,8,2021,11,49,70,43,38,67.0,70.0,37.0,65.0,87.0,29.0,21.0,15.0,7.0,20.0
11/9/2021,58.0,9,2021,11,51,72,45,40,67.0,68.0,35.0,63.0,85.0,31.0,23.0,17.0,8.0,21.0
11/10/2021,55.0,10,2021,11,48,69,42,37,67.0,75.0,42.0,70.0,92.0,33.0,25.0,19.0,18.0,31.0
11/11/2021,55.0,11,2021,11,48,69,42,37,68.0,71.0,38.0,66.0,88.0,28.0,20.0,14.0,19.0,32.0
11/12/2021,56.0,12,2021,11,49,70,43,38,68.0,68.0,35.0,63.0,85.0,30.0,22.0,16.0,44.0,57.0
11/13/2021,55.0,13,2021,11,48,69,42,37,68.0,70.0,37.0,65.0,87.0,38.0,30.0,24.0,46.0,59.0
11/14/2021,57.0,14,2021,11,50,71,44,39,67.0,66.0,33.0,61.0,83.0,31.0,23.0,17.0,37.0,50.0
11/15/2021,57.0,15,2021,11,50,71,44,39,69.0,67.0,34.0,62.0,84.0,27.0,19.0,13.0,13.0,26.0
11/16/2021,57.0,16,2021,11,50,71,44,39,69.0,62.0,29.0,57.0,79.0,30.0,22.0,16.0,22.0,35.0
11/17/2021,55.0,17,2021,11,48,69,42,37,67.0,65.0,32.0,60.0,82.0,29.0,21.0,15.0,27.0,40.0
11/18/2021,58.0,18,2021,11,51,72,45,40,68.0,65.0,32.0,60.0,82.0,30.0,22.0,16.0,14.0,27.0
11/19/2021,58.0,19,2021,11,51,72,45,40,70.0,69.0,36.0,64.0,86.0,29.0,21.0,15.0,22.0,35.0
11/20/2021,56.0,20,2021,11,49,70,43,38,69.0,69.0,36.0,64.0,86.0,30.0,22.0,16.0,12.0,25.0
11/21/2021,57.0,21,2021,11,50,71,44,39,67.0,70.0,37.0,65.0,87.0,30.0,22.0,16.0,16.0,29.0
11/22/2021,60.0,22,2021,11,53,74,47,42,67.0,68.0,35.0,63.0,85.0,31.0,23.0,17.0,10.0,23.0
11/23/2021,58.0,23,2021,11,51,72,45,40,67.0,72.0,39.0,67.0,89.0,30.0,22.0,16.0,24.0,37.0
11/24/2021,55.0,24,2021,11,48,69,42,37,67.0,69.0,36.0,64.0,86.0,29.0,21.0,15.0,14.0,27.0
11/25/2021,55.0,25,2021,11,48,69,42,37,69.0,70.0,37.0,65.0,87.0,29.0,21.0,15.0,1.0,14.0
11/26/2021,56.0,26,2021,11,49,70,43,38,60.0,76.0,43.0,71.0,93.0,31.0,23.0,17.0,23.0,36.0
11/27/2021,55.0,27,2021,11,48,69,42,37,59.0,67.0,34.0,62.0,84.0,32.0,24.0,18.0,48.0,61.0
11/28/2021,58.0,28,2021,11,51,72,45,40,118.0,70.0,37.0,65.0,70.0,28.0,20.0,14.0,10.0,23.0
11/29/2021,45.0,29,2021,11,38,59,32,27,118.0,69.0,36.0,64.0,69.0,32.0,24.0,18.0,23.0,36.0
11/30/2021,44.0,30,2021,11,37,58,31,26,120.0,70.0,37.0,65.0,70.0,29.0,21.0,15.0,1.0,14.0
12/1/2021,76.0,1,2021,12,38,59,49,21,118.0,69.0,36.0,64.0,69.0,29.0,21.0,15.0,41.0,54.0
12/2/2021,76.0,2,2021,12,38,59,49,21,128.0,69.0,36.0,64.0,69.0,27.0,19.0,13.0,25.0,38.0
12/3/2021,77.0,3,2021,12,39,60,50,22,116.0,68.0,35.0,63.0,68.0,29.0,21.0,15.0,30.0,43.0
12/4/2021,76.0,4,2021,12,38,59,49,21,118.0,69.0,36.0,64.0,69.0,35.0,27.0,21.0,54.0,67.0
12/5/2021,81.0,5,2021,12,43,64,54,26,120.0,72.0,39.0,67.0,72.0,28.0,20.0,14.0,10.0,23.0
12/6/2021,75.0,6,2021,12,37,58,48,20,118.0,76.0,43.0,71.0,76.0,29.0,21.0,15.0,8.0,21.0
12/7/2021,76.0,7,2021,12,38,59,49,21,118.0,73.0,40.0,68.0,73.0,30.0,22.0,16.0,21.0,34.0
12/8/2021,77.0,8,2021,12,39,60,50,22,116.0,69.0,36.0,64.0,69.0,28.0,20.0,14.0,18.0,31.0
12/9/2021,76.0,9,2021,12,38,59,49,21,118.0,68.0,35.0,63.0,68.0,28.0,20.0,14.0,21.0,34.0
12/10/2021,76.0,10,2021,12,38,59,49,21,118.0,75.0,42.0,70.0,75.0,33.0,25.0,19.0,32.0,45.0
12/11/2021,75.0,11,2021,12,37,58,48,20,116.0,70.0,37.0,65.0,70.0,31.0,23.0,17.0,49.0,62.0
12/12/2021,76.0,12,2021,12,38,59,49,21,120.0,68.0,35.0,63.0,68.0,29.0,21.0,15.0,30.0,43.0
12/13/2021,76.0,13,2021,12,38,59,49,21,118.0,69.0,36.0,64.0,69.0,31.0,23.0,17.0,30.0,43.0
12/14/2021,75.0,14,2021,12,37,58,48,20,116.0,69.0,36.0,64.0,69.0,29.0,21.0,15.0,6.0,19.0
12/15/2021,77.0,15,2021,12,39,60,50,22,118.0,68.0,35.0,63.0,68.0,29.0,21.0,15.0,7.0,20.0
12/16/2021,76.0,16,2021,12,38,59,49,21,116.0,70.0,37.0,65.0,70.0,33.0,25.0,19.0,7.0,20.0
12/17/2021,75.0,17,2021,12,37,58,48,20,118.0,69.0,36.0,64.0,69.0,29.0,21.0,15.0,45.0,58.0
12/18/2021,76.0,18,2021,12,38,59,49,21,116.0,68.0,35.0,63.0,68.0,32.0,24.0,18.0,48.0,61.0
12/19/2021,75.0,19,2021,12,37,58,48,20,116.0,76.0,43.0,71.0,76.0,27.0,19.0,13.0,-13.0,0.0
12/20/2021,76.0,20,2021,12,38,59,49,21,118.0,70.0,37.0,65.0,70.0,30.0,22.0,16.0,32.0,45.0
12/21/2021,75.0,21,2021,12,37,58,48,20,122.0,66.0,33.0,61.0,66.0,28.0,20.0,14.0,12.0,25.0
12/22/2021,75.0,22,2021,12,37,58,48,20,126.0,67.0,34.0,62.0,67.0,30.0,22.0,16.0,25.0,38.0
12/23/2021,76.0,23,2021,12,38,59,49,21,118.0,69.0,36.0,64.0,69.0,30.0,22.0,16.0,4.0,17.0
12/24/2021,78.0,24,2021,12,40,61,51,23,122.0,67.0,34.0,62.0,67.0,33.0,25.0,19.0,69.0,82.0
12/25/2021,80.0,25,2021,12,42,63,53,25,120.0,68.0,35.0,63.0,68.0,34.0,26.0,20.0,66.0,79.0
12/26/2021,76.0,26,2021,12,38,59,49,21,118.0,70.0,37.0,65.0,70.0,31.0,23.0,17.0,46.0,59.0
12/27/2021,78.0,27,2021,12,40,61,51,23,116.0,68.0,35.0,63.0,68.0,31.0,23.0,17.0,41.0,54.0
12/28/2021,77.0,28,2021,12,39,60,50,22,126.0,66.0,33.0,61.0,66.0,33.0,25.0,19.0,44.0,57.0
12/29/2021,76.0,29,2021,12,38,59,49,21,141.0,67.0,34.0,62.0,67.0,30.0,22.0,16.0,31.0,44.0
12/30/2021,75.0,30,2021,12,37,58,48,20,141.0,69.0,36.0,64.0,69.0,31.0,23.0,17.0,75.0,88.0
12/31/2021,80.0,31,2021,12,42,63,53,25,141.0,70.0,37.0,65.0,70.0,33.0,25.0,19.0,96.0,109.0
1/1/2022,45.0,1,2022,1,38,59,49,21,143.0,67.0,34.0,62.0,67.0,33.0,25.0,19.0,11.0,24.0
1/2/2022,45.0,2,2022,1,38,59,49,21,139.0,68.0,35.0,63.0,68.0,27.0,19.0,13.0,6.0,19.0
1/3/2022,45.0,3,2022,1,38,59,49,21,143.0,69.0,36.0,64.0,69.0,34.0,26.0,20.0,53.0,66.0
1/4/2022,46.0,4,2022,1,39,60,50,22,145.0,70.0,37.0,65.0,70.0,32.0,24.0,18.0,43.0,56.0
1/5/2022,44.0,5,2022,1,37,58,48,20,139.0,70.0,37.0,65.0,70.0,34.0,26.0,20.0,49.0,62.0
1/6/2022,46.0,6,2022,1,39,60,50,22,147.0,68.0,35.0,63.0,68.0,28.0,20.0,14.0,53.0,66.0
1/7/2022,47.0,7,2022,1,40,61,51,23,139.0,68.0,35.0,63.0,68.0,32.0,24.0,18.0,22.0,35.0
1/8/2022,44.0,8,2022,1,37,58,48,20,143.0,68.0,35.0,63.0,68.0,28.0,20.0,14.0,11.0,24.0
1/9/2022,48.0,9,2022,1,41,62,52,24,143.0,71.0,38.0,66.0,71.0,30.0,22.0,16.0,33.0,46.0
1/10/2022,44.0,10,2022,1,37,58,48,20,143.0,66.0,33.0,61.0,66.0,32.0,24.0,18.0,44.0,57.0
1/11/2022,46.0,11,2022,1,39,60,50,22,141.0,68.0,35.0,63.0,68.0,32.0,24.0,18.0,40.0,53.0
1/12/2022,46.0,12,2022,1,39,60,50,22,141.0,69.0,36.0,64.0,69.0,30.0,22.0,16.0,53.0,66.0
1/13/2022,46.0,13,2022,1,39,60,50,22,143.0,71.0,38.0,66.0,71.0,30.0,22.0,16.0,40.0,53.0
1/14/2022,45.0,14,2022,1,38,59,49,21,145.0,67.0,34.0,62.0,67.0,29.0,21.0,15.0,34.0,47.0
1/15/2022,45.0,15,2022,1,38,59,49,21,141.0,69.0,36.0,64.0,69.0,32.0,24.0,18.0,26.0,39.0
1/16/2022,46.0,16,2022,1,39,60,50,22,149.0,72.0,39.0,67.0,72.0,29.0,21.0,15.0,51.0,64.0
1/17/2022,47.0,17,2022,1,40,61,51,23,139.0,67.0,34.0,62.0,67.0,30.0,22.0,16.0,33.0,46.0
1/18/2022,45.0,18,2022,1,38,59,49,21,143.0,72.0,39.0,67.0,72.0,30.0,22.0,16.0,35.0,48.0
1/19/2022,49.0,19,2022,1,42,63,53,25,145.0,67.0,34.0,62.0,67.0,33.0,25.0,19.0,19.0,32.0
1/20/2022,44.0,20,2022,1,37,58,48,20,143.0,69.0,36.0,64.0,69.0,29.0,21.0,15.0,19.0,32.0
1/21/2022,46.0,21,2022,1,39,60,50,22,139.0,71.0,38.0,66.0,71.0,28.0,20.0,14.0,35.0,48.0
1/22/2022,47.0,22,2022,1,40,61,51,23,143.0,66.0,33.0,61.0,66.0,32.0,24.0,18.0,24.0,37.0
1/23/2022,46.0,23,2022,1,39,60,50,22,145.0,66.0,33.0,61.0,66.0,29.0,21.0,15.0,29.0,42.0
1/24/2022,44.0,24,2022,1,37,58,48,20,143.0,67.0,34.0,62.0,67.0,31.0,23.0,17.0,25.0,38.0
1/25/2022,46.0,25,2022,1,39,60,50,22,143.0,67.0,34.0,62.0,67.0,30.0,22.0,16.0,35.0,48.0
1/26/2022,47.0,26,2022,1,40,61,51,23,143.0,66.0,33.0,61.0,66.0,30.0,22.0,16.0,20.0,33.0
1/27/2022,46.0,27,2022,1,39,60,50,22,141.0,71.0,38.0,66.0,71.0,34.0,26.0,20.0,29.0,42.0
1/28/2022,46.0,28,2022,1,39,60,50,22,141.0,71.0,38.0,66.0,71.0,32.0,24.0,18.0,18.0,31.0
1/29/2022,46.0,29,2022,1,39,60,50,22,139.0,71.0,44.0,39.0,47.0,33.0,25.0,19.0,41.0,54.0
1/30/2022,45.0,30,2022,1,38,59,49,21,147.0,73.0,46.0,41.0,48.0,31.0,23.0,17.0,21.0,34.0
1/31/2022,45.0,31,2022,1,38,59,49,21,141.0,74.0,47.0,42.0,49.0,28.0,20.0,14.0,25.0,38.0
2/1/2022,44.0,1,2022,2,37,58,48,20,143.0,72.0,45.0,40.0,48.0,31.0,23.0,17.0,16.0,29.0
2/2/2022,48.0,2,2022,2,41,62,52,24,141.0,72.0,45.0,40.0,48.0,33.0,25.0,19.0,24.0,37.0
2/3/2022,45.0,3,2022,2,38,59,49,21,141.0,72.0,45.0,40.0,48.0,32.0,24.0,18.0,27.0,40.0
2/4/2022,46.0,4,2022,2,39,60,50,22,143.0,69.0,42.0,37.0,46.0,29.0,21.0,15.0,9.0,22.0
2/5/2022,45.0,5,2022,2,38,59,49,21,143.0,70.0,43.0,38.0,46.0,38.0,30.0,24.0,26.0,39.0
2/6/2022,45.0,6,2022,2,38,59,49,21,139.0,72.0,45.0,40.0,48.0,31.0,23.0,17.0,0.0,13.0
2/7/2022,46.0,7,2022,2,39,60,50,22,141.0,73.0,46.0,41.0,48.0,27.0,19.0,13.0,1.0,14.0
2/8/2022,46.0,8,2022,2,39,60,50,22,143.0,73.0,46.0,41.0,48.0,28.0,20.0,14.0,23.0,36.0
2/9/2022,44.0,9,2022,2,37,58,48,20,147.0,69.0,42.0,37.0,46.0,29.0,21.0,15.0,7.0,20.0
2/10/2022,45.0,10,2022,2,38,59,49,21,139.0,71.0,44.0,39.0,47.0,30.0,22.0,16.0,5.0,18.0
2/11/2022,46.0,11,2022,2,39,60,50,22,145.0,70.0,43.0,38.0,46.0,33.0,25.0,19.0,-1.0,12.0
2/12/2022,48.0,12,2022,2,41,62,52,24,139.0,69.0,42.0,37.0,46.0,37.0,29.0,23.0,11.0,24.0
2/13/2022,44.0,13,2022,2,37,58,48,20,141.0,73.0,46.0,41.0,48.0,27.0,19.0,13.0,-13.0,0.0
2/14/2022,47.0,14,2022,2,40,61,51,23,141.0,70.0,43.0,38.0,46.0,31.0,23.0,17.0,8.0,21.0
2/15/2022,44.0,15,2022,2,37,58,48,20,145.0,70.0,43.0,38.0,46.0,29.0,21.0,15.0,5.0,18.0
2/16/2022,45.0,16,2022,2,38,59,49,21,147.0,70.0,43.0,38.0,46.0,31.0,23.0,17.0,18.0,31.0
2/17/2022,45.0,17,2022,2,38,59,49,21,147.0,71.0,44.0,39.0,47.0,29.0,21.0,15.0,-1.0,12.0
2/18/2022,47.0,18,2022,2,40,61,51,23,145.0,71.0,44.0,39.0,47.0,31.0,23.0,17.0,16.0,29.0
2/19/2022,48.0,19,2022,2,41,62,52,24,141.0,70.0,43.0,38.0,46.0,29.0,21.0,15.0,-1.0,12.0
2/20/2022,48.0,20,2022,2,41,62,52,24,145.0,70.0,43.0,38.0,46.0,30.0,22.0,16.0,20.0,33.0
2/21/2022,47.0,21,2022,2,40,61,51,23,141.0,71.0,44.0,39.0,47.0,30.0,22.0,16.0,8.0,21.0
2/22/2022,45.0,22,2022,2,38,59,49,21,143.0,70.0,43.0,38.0,46.0,29.0,21.0,15.0,8.0,21.0
2/23/2022,47.0,23,2022,2,40,61,51,23,149.0,72.0,45.0,40.0,48.0,31.0,23.0,17.0,9.0,22.0
2/24/2022,45.0,24,2022,2,38,59,49,21,141.0,73.0,46.0,41.0,48.0,30.0,22.0,16.0,12.0,25.0
2/25/2022,46.0,25,2022,2,39,60,50,22,153.0,70.0,43.0,38.0,46.0,33.0,25.0,19.0,11.0,24.0
2/26/2022,49.0,26,2022,2,42,63,53,25,80.0,72.0,45.0,40.0,48.0,32.0,24.0,18.0,0.0,13.0
2/27/2022,45.0,27,2022,2,38,59,49,21,84.0,72.0,45.0,40.0,48.0,30.0,22.0,16.0,3.0,16.0
2/28/2022,51.0,28,2022,2,44,65,55,27,80.0,72.0,45.0,40.0,48.0,30.0,22.0,16.0,2.0,15.0
3/1/2022,80.0,1,2022,3,42,63,36,39,85.0,70.0,43.0,38.0,46.0,31.0,23.0,17.0,2.0,15.0
3/2/2022,84.0,2,2022,3,46,67,40,43,86.0,69.0,42.0,37.0,46.0,34.0,26.0,20.0,0.0,13.0
3/3/2022,80.0,3,2022,3,42,63,36,39,81.0,70.0,43.0,38.0,46.0,30.0,22.0,16.0,-6.0,7.0
3/4/2022,85.0,4,2022,3,47,68,41,44,83.0,74.0,47.0,42.0,49.0,30.0,22.0,16.0,4.0,17.0
3/5/2022,86.0,5,2022,3,48,69,42,45,84.0,70.0,43.0,38.0,46.0,31.0,23.0,17.0,20.0,33.0
3/6/2022,81.0,6,2022,3,43,64,37,40,82.0,70.0,43.0,38.0,46.0,29.0,21.0,15.0,7.0,20.0
3/7/2022,83.0,7,2022,3,45,66,39,42,81.0,70.0,43.0,38.0,46.0,31.0,23.0,17.0,2.0,15.0
3/8/2022,84.0,8,2022,3,46,67,40,43,81.0,71.0,44.0,39.0,47.0,29.0,21.0,15.0,2.0,15.0
3/9/2022,82.0,9,2022,3,44,65,38,41,80.0,71.0,44.0,39.0,47.0,28.0,20.0,14.0,10.0,23.0
3/10/2022,81.0,10,2022,3,43,64,37,40,81.0,70.0,43.0,38.0,46.0,31.0,23.0,17.0,13.0,26.0
3/11/2022,81.0,11,2022,3,43,64,37,40,83.0,70.0,43.0,38.0,46.0,31.0,23.0,17.0,7.0,20.0
3/12/2022,80.0,12,2022,3,42,63,36,39,84.0,74.0,47.0,42.0,49.0,33.0,25.0,19.0,35.0,48.0
3/13/2022,81.0,13,2022,3,43,64,37,40,85.0,69.0,42.0,37.0,46.0,27.0,19.0,13.0,5.0,18.0
3/14/2022,83.0,14,2022,3,45,66,39,42,83.0,72.0,45.0,40.0,48.0,28.0,20.0,14.0,2.0,15.0
3/15/2022,84.0,15,2022,3,46,67,40,43,85.0,70.0,43.0,38.0,46.0,28.0,20.0,14.0,1.0,14.0
3/16/2022,85.0,16,2022,3,47,68,41,44,85.0,71.0,44.0,39.0,47.0,30.0,22.0,16.0,15.0,28.0
3/17/2022,83.0,17,2022,3,45,66,39,42,87.0,70.0,43.0,38.0,46.0,28.0,20.0,14.0,-2.0,11.0
3/18/2022,85.0,18,2022,3,47,68,41,44,82.0,73.0,46.0,41.0,48.0,30.0,22.0,16.0,7.0,20.0
3/19/2022,85.0,19,2022,3,47,68,41,44,83.0,71.0,44.0,39.0,47.0,30.0,22.0,16.0,25.0,38.0
3/20/2022,87.0,20,2022,3,49,70,43,46,82.0,70.0,43.0,38.0,46.0,31.0,23.0,17.0,0.0,13.0
3/21/2022,82.0,21,2022,3,44,65,38,41,83.0,69.0,42.0,37.0,46.0,29.0,21.0,15.0,0.0,13.0
3/22/2022,83.0,22,2022,3,45,66,39,42,85.0,70.0,43.0,38.0,46.0,30.0,22.0,16.0,2.0,15.0
3/23/2022,82.0,23,2022,3,44,65,38,41,84.0,69.0,42.0,37.0,46.0,29.0,21.0,15.0,0.0,13.0
3/24/2022,83.0,24,2022,3,45,66,39,42,85.0,69.0,42.0,37.0,46.0,29.0,21.0,15.0,-6.0,7.0
3/25/2022,85.0,25,2022,3,47,68,41,44,81.0,74.0,47.0,42.0,49.0,31.0,23.0,17.0,20.0,33.0
3/26/2022,84.0,26,2022,3,46,67,40,43,85.0,71.0,44.0,39.0,47.0,32.0,24.0,18.0,5.0,18.0
3/27/2022,85.0,27,2022,3,47,68,41,44,85.0,74.0,47.0,42.0,49.0,30.0,22.0,16.0,1.0,14.0
3/28/2022,81.0,28,2022,3,43,64,37,40,90.0,72.0,45.0,40.0,48.0,29.0,21.0,15.0,7.0,20.0
3/29/2022,85.0,29,2022,3,47,68,41,44,70.0,72.0,45.0,40.0,48.0,27.0,19.0,13.0,-1.0,12.0
3/30/2022,85.0,30,2022,3,47,68,41,44,74.0,70.0,43.0,38.0,46.0,28.0,20.0,14.0,-5.0,8.0
3/31/2022,90.0,31,2022,3,52,73,46,49,65.0,73.0,46.0,41.0,48.0,29.0,21.0,15.0,9.0,22.0
4/1/2022,87.0,1,2022,4,49,70,43,46,75.0,71.0,44.0,39.0,47.0,29.0,21.0,15.0,21.0,34.0
4/2/2022,91.0,2,2022,4,53,74,47,50,66.0,74.0,47.0,42.0,49.0,31.0,23.0,17.0,10.0,23.0
4/3/2022,82.0,3,2022,4,44,65,38,41,71.0,70.0,43.0,38.0,46.0,28.0,20.0,14.0,12.0,25.0
4/4/2022,92.0,4,2022,4,54,75,48,51,67.0,72.0,45.0,40.0,48.0,28.0,20.0,14.0,-5.0,8.0
4/5/2022,83.0,5,2022,4,45,66,39,42,66.0,69.0,42.0,37.0,46.0,27.0,19.0,13.0,1.0,14.0
4/6/2022,88.0,6,2022,4,50,71,44,47,71.0,72.0,45.0,40.0,48.0,27.0,19.0,13.0,-2.0,11.0
4/7/2022,84.0,7,2022,4,46,67,40,43,69.0,70.0,43.0,38.0,46.0,30.0,22.0,16.0,3.0,16.0
4/8/2022,83.0,8,2022,4,45,66,39,42,64.0,70.0,43.0,38.0,46.0,34.0,26.0,20.0,10.0,23.0
4/9/2022,88.0,9,2022,4,50,71,44,47,65.0,70.0,43.0,38.0,46.0,32.0,24.0,18.0,9.0,22.0
4/10/2022,86.0,10,2022,4,48,69,42,45,69.0,70.0,43.0,38.0,46.0,28.0,20.0,14.0,14.0,27.0
4/11/2022,81.0,11,2022,4,43,64,37,40,67.0,70.0,43.0,38.0,46.0,29.0,21.0,15.0,4.0,17.0
4/12/2022,82.0,12,2022,4,44,65,38,41,71.0,70.0,43.0,38.0,46.0,30.0,22.0,16.0,-2.0,11.0
4/13/2022,86.0,13,2022,4,48,69,42,45,69.0,70.0,43.0,38.0,46.0,27.0,19.0,13.0,11.0,24.0
4/14/2022,84.0,14,2022,4,46,67,40,43,70.0,71.0,44.0,39.0,47.0,32.0,24.0,18.0,0.0,13.0
4/15/2022,88.0,15,2022,4,50,71,44,47,67.0,71.0,44.0,39.0,47.0,28.0,20.0,14.0,2.0,15.0
4/16/2022,86.0,16,2022,4,48,69,42,45,66.0,71.0,44.0,39.0,47.0,27.0,19.0,13.0,-13.0,0.0
4/17/2022,87.0,17,2022,4,49,70,43,46,65.0,72.0,45.0,40.0,48.0,30.0,22.0,16.0,5.0,18.0
4/18/2022,84.0,18,2022,4,46,67,40,43,64.0,71.0,44.0,39.0,47.0,31.0,23.0,17.0,2.0,15.0
4/19/2022,83.0,19,2022,4,45,66,39,42,67.0,70.0,43.0,38.0,46.0,28.0,20.0,14.0,-1.0,12.0
4/20/2022,82.0,20,2022,4,44,65,38,41,68.0,72.0,45.0,40.0,48.0,29.0,21.0,15.0,-5.0,8.0
4/21/2022,81.0,21,2022,4,43,64,37,40,65.0,69.0,42.0,37.0,46.0,29.0,21.0,15.0,13.0,26.0
4/22/2022,84.0,22,2022,4,46,67,40,43,65.0,71.0,44.0,39.0,47.0,31.0,23.0,17.0,6.0,19.0
4/23/2022,85.0,23,2022,4,47,68,41,44,64.0,69.0,42.0,37.0,46.0,31.0,23.0,17.0,13.0,26.0
4/24/2022,82.0,24,2022,4,44,65,38,41,75.0,69.0,42.0,37.0,46.0,30.0,22.0,16.0,-1.0,12.0
4/25/2022,82.0,25,2022,4,44,65,38,41,66.0,69.0,42.0,37.0,46.0,29.0,21.0,15.0,9.0,22.0
4/26/2022,81.0,26,2022,4,43,64,37,40,65.0,69.0,42.0,37.0,46.0,30.0,22.0,16.0,-4.0,9.0
4/27/2022,92.0,27,2022,4,54,75,48,51,63.0,58.0,31.0,26.0,38.0,30.0,22.0,16.0,-2.0,11.0
4/28/2022,83.0,28,2022,4,45,66,39,42,58.0,59.0,49.0,21.0,141.0,29.0,21.0,15.0,-2.0,11.0
4/29/2022,82.0,29,2022,4,44,65,38,41,58.0,59.0,49.0,21.0,141.0,35.0,27.0,21.0,0.0,13.0
4/30/2022,80.0,30,2022,4,42,63,36,39,58.0,59.0,49.0,21.0,141.0,31.0,23.0,17.0,2.0,15.0
5/1/2022,82.0,1,2022,5,44,65,38,41,58.0,60.0,50.0,22.0,143.0,28.0,20.0,14.0,-12.0,1.0
5/2/2022,82.0,2,2022,5,44,65,38,41,59.0,58.0,48.0,20.0,139.0,33.0,25.0,19.0,3.0,16.0
5/3/2022,82.0,3,2022,5,44,65,38,41,66.0,60.0,50.0,22.0,143.0,29.0,21.0,15.0,5.0,18.0
5/4/2022,82.0,4,2022,5,44,65,38,41,66.0,61.0,51.0,23.0,145.0,32.0,24.0,18.0,-3.0,10.0
5/5/2022,83.0,5,2022,5,45,66,39,42,61.0,58.0,48.0,20.0,139.0,32.0,24.0,18.0,-6.0,7.0
5/6/2022,90.0,6,2022,5,52,73,46,49,59.0,62.0,52.0,24.0,147.0,29.0,21.0,15.0,1.0,14.0
5/7/2022,90.0,7,2022,5,52,73,46,49,58.0,58.0,48.0,20.0,139.0,30.0,22.0,16.0,4.0,17.0
5/8/2022,85.0,8,2022,5,47,68,41,44,56.0,60.0,50.0,22.0,143.0,30.0,22.0,16.0,-5.0,8.0
5/9/2022,83.0,9,2022,5,45,66,39,42,61.0,60.0,50.0,22.0,143.0,31.0,23.0,17.0,-2.0,11.0
5/10/2022,82.0,10,2022,5,44,65,38,41,57.0,60.0,50.0,22.0,143.0,27.0,19.0,13.0,2.0,15.0
5/11/2022,80.0,11,2022,5,42,63,36,39,60.0,59.0,49.0,21.0,141.0,33.0,25.0,19.0,3.0,16.0
5/12/2022,85.0,12,2022,5,47,68,41,44,59.0,59.0,49.0,21.0,141.0,31.0,23.0,17.0,3.0,16.0
5/13/2022,81.0,13,2022,5,43,64,37,40,59.0,60.0,50.0,22.0,143.0,29.0,21.0,15.0,-1.0,12.0
5/14/2022,84.0,14,2022,5,46,67,40,43,61.0,61.0,51.0,23.0,145.0,28.0,20.0,14.0,18.0,31.0
5/15/2022,83.0,15,2022,5,45,66,39,42,59.0,59.0,49.0,21.0,141.0,31.0,23.0,17.0,4.0,17.0
5/16/2022,83.0,16,2022,5,45,66,39,42,61.0,63.0,53.0,25.0,149.0,32.0,24.0,18.0,1.0,14.0
5/17/2022,85.0,17,2022,5,47,68,41,44,61.0,58.0,48.0,20.0,139.0,31.0,23.0,17.0,-4.0,9.0
5/18/2022,83.0,18,2022,5,45,66,39,42,66.0,60.0,50.0,22.0,143.0,31.0,23.0,17.0,8.0,21.0
5/19/2022,85.0,19,2022,5,47,68,41,44,60.0,61.0,51.0,23.0,145.0,30.0,22.0,16.0,18.0,31.0
5/20/2022,85.0,20,2022,5,47,68,41,44,58.0,60.0,50.0,22.0,143.0,31.0,23.0,17.0,2.0,15.0
5/21/2022,90.0,21,2022,5,52,73,46,49,57.0,58.0,48.0,20.0,139.0,29.0,21.0,15.0,19.0,32.0
5/22/2022,84.0,22,2022,5,46,67,40,43,64.0,60.0,50.0,22.0,143.0,28.0,20.0,14.0,9.0,22.0
5/23/2022,82.0,23,2022,5,44,65,38,41,62.0,61.0,51.0,23.0,145.0,29.0,21.0,15.0,-6.0,7.0
5/24/2022,81.0,24,2022,5,43,64,37,40,65.0,60.0,50.0,22.0,143.0,29.0,21.0,15.0,-2.0,11.0
5/25/2022,88.0,25,2022,5,50,71,44,47,64.0,60.0,50.0,22.0,143.0,32.0,24.0,18.0,5.0,18.0
5/26/2022,86.0,26,2022,5,48,69,42,45,64.0,60.0,50.0,22.0,143.0,30.0,22.0,16.0,16.0,29.0
5/27/2022,89.0,27,2022,5,51,72,45,48,58.0,59.0,49.0,21.0,141.0,29.0,21.0,15.0,9.0,22.0
5/28/2022,88.0,28,2022,5,50,71,44,47,63.0,59.0,49.0,21.0,141.0,32.0,24.0,18.0,-3.0,10.0
5/29/2022,88.0,29,2022,5,50,71,44,47,67.0,58.0,48.0,20.0,139.0,30.0,22.0,16.0,14.0,27.0
5/30/2022,82.0,30,2022,5,44,65,38,41,73.0,62.0,52.0,24.0,147.0,30.0,22.0,16.0,12.0,25.0
5/31/2022,87.0,31,2022,5,49,70,43,46,70.0,59.0,49.0,21.0,141.0,29.0,21.0,15.0,-1.0,12.0
6/1/2022,84.0,1,2022,6,46,67,34,62,70.0,60.0,50.0,22.0,143.0,30.0,22.0,16.0,7.0,20.0
6/2/2022,90.0,2,2022,6,52,73,40,68,72.0,59.0,49.0,21.0,141.0,31.0,23.0,17.0,4.0,17.0
6/3/2022,87.0,3,2022,6,49,70,37,65,69.0,59.0,49.0,21.0,141.0,28.0,20.0,14.0,-5.0,8.0
6/4/2022,87.0,4,2022,6,49,70,37,65,72.0,60.0,50.0,22.0,143.0,28.0,20.0,14.0,10.0,23.0
6/5/2022,89.0,5,2022,6,51,72,39,67,70.0,60.0,50.0,22.0,143.0,33.0,25.0,19.0,-4.0,9.0
6/6/2022,86.0,6,2022,6,48,69,36,64,68.0,58.0,48.0,20.0,139.0,30.0,22.0,16.0,4.0,17.0
6/7/2022,89.0,7,2022,6,51,72,39,67,74.0,59.0,49.0,21.0,141.0,30.0,22.0,16.0,7.0,20.0
6/8/2022,87.0,8,2022,6,49,70,37,65,72.0,60.0,50.0,22.0,143.0,28.0,20.0,14.0,0.0,13.0
6/9/2022,85.0,9,2022,6,47,68,35,63,68.0,62.0,52.0,24.0,147.0,30.0,22.0,16.0,-3.0,10.0
6/10/2022,91.0,10,2022,6,53,74,41,69,69.0,58.0,48.0,20.0,139.0,33.0,25.0,19.0,2.0,15.0
6/11/2022,89.0,11,2022,6,51,72,39,67,70.0,61.0,51.0,23.0,145.0,30.0,22.0,16.0,9.0,22.0
6/12/2022,85.0,12,2022,6,47,68,35,63,69.0,58.0,48.0,20.0,139.0,30.0,22.0,16.0,-5.0,8.0
6/13/2022,86.0,13,2022,6,48,69,36,64,70.0,59.0,49.0,21.0,141.0,29.0,21.0,15.0,-5.0,8.0
6/14/2022,87.0,14,2022,6,49,70,37,65,70.0,59.0,49.0,21.0,141.0,28.0,20.0,14.0,-4.0,9.0
6/15/2022,86.0,15,2022,6,48,69,36,64,81.0,61.0,51.0,23.0,145.0,31.0,23.0,17.0,-2.0,11.0
6/16/2022,87.0,16,2022,6,49,70,37,65,72.0,62.0,52.0,24.0,147.0,28.0,20.0,14.0,-1.0,12.0
6/17/2022,87.0,17,2022,6,49,70,37,65,71.0,62.0,52.0,24.0,147.0,36.0,28.0,22.0,-1.0,12.0
6/18/2022,98.0,18,2022,6,60,81,48,76,68.0,61.0,51.0,23.0,145.0,34.0,26.0,20.0,14.0,27.0
6/19/2022,89.0,19,2022,6,51,72,39,67,69.0,59.0,49.0,21.0,141.0,29.0,21.0,15.0,2.0,15.0
6/20/2022,88.0,20,2022,6,50,71,38,66,68.0,61.0,51.0,23.0,145.0,28.0,20.0,14.0,-3.0,10.0
6/21/2022,85.0,21,2022,6,47,68,35,63,70.0,59.0,49.0,21.0,141.0,28.0,20.0,14.0,8.0,21.0
6/22/2022,86.0,22,2022,6,48,69,36,64,69.0,60.0,50.0,22.0,143.0,29.0,21.0,15.0,-6.0,7.0
6/23/2022,85.0,23,2022,6,47,68,35,63,68.0,63.0,53.0,25.0,149.0,28.0,20.0,14.0,0.0,13.0
6/24/2022,87.0,24,2022,6,49,70,37,65,73.0,59.0,49.0,21.0,141.0,31.0,23.0,17.0,7.0,20.0
6/25/2022,86.0,25,2022,6,48,69,36,64,68.0,65.0,55.0,27.0,153.0,29.0,21.0,15.0,9.0,22.0
6/26/2022,85.0,26,2022,6,47,68,35,63,69.0,63.0,36.0,39.0,80.0,30.0,22.0,16.0,-3.0,10.0
6/27/2022,90.0,27,2022,6,52,73,40,68,71.0,67.0,40.0,43.0,84.0,29.0,21.0,15.0,1.0,14.0
6/28/2022,85.0,28,2022,6,47,68,35,63,72.0,63.0,36.0,39.0,80.0,30.0,22.0,16.0,3.0,16.0
6/29/2022,84.0,29,2022,6,46,67,34,62,69.0,68.0,41.0,44.0,85.0,31.0,23.0,17.0,4.0,17.0
6/30/2022,90.0,30,2022,6,52,73,40,68,70.0,69.0,42.0,45.0,86.0,29.0,21.0,15.0,5.0,18.0
7/1/2022,86.0,1,2022,7,48,69,36,64,68.0,64.0,37.0,40.0,81.0,29.0,21.0,15.0,-4.0,9.0
7/2/2022,88.0,2,2022,7,50,71,38,66,70.0,66.0,39.0,42.0,83.0,31.0,23.0,17.0,-4.0,9.0
7/3/2022,89.0,3,2022,7,51,72,39,67,68.0,67.0,40.0,43.0,84.0,27.0,19.0,13.0,-5.0,8.0
7/4/2022,86.0,4,2022,7,48,69,36,64,69.0,65.0,38.0,41.0,82.0,29.0,21.0,15.0,5.0,18.0
7/5/2022,87.0,5,2022,7,49,70,37,65,70.0,64.0,37.0,40.0,81.0,28.0,20.0,14.0,2.0,15.0
7/6/2022,85.0,6,2022,7,47,68,35,63,69.0,64.0,37.0,40.0,81.0,33.0,25.0,19.0,5.0,18.0
7/7/2022,87.0,7,2022,7,49,70,37,65,68.0,63.0,36.0,39.0,80.0,29.0,21.0,15.0,3.0,16.0
7/8/2022,85.0,8,2022,7,47,68,35,63,68.0,64.0,37.0,40.0,81.0,30.0,22.0,16.0,3.0,16.0
7/9/2022,86.0,9,2022,7,48,69,36,64,68.0,66.0,39.0,42.0,83.0,33.0,25.0,19.0,2.0,15.0
7/10/2022,87.0,10,2022,7,49,70,37,65,74.0,67.0,40.0,43.0,84.0,31.0,23.0,17.0,-2.0,11.0
7/11/2022,86.0,11,2022,7,48,69,36,64,70.0,68.0,41.0,44.0,85.0,27.0,19.0,13.0,5.0,18.0
7/12/2022,85.0,12,2022,7,47,68,35,63,70.0,66.0,39.0,42.0,83.0,31.0,23.0,17.0,1.0,14.0
7/13/2022,85.0,13,2022,7,47,68,35,63,68.0,68.0,41.0,44.0,85.0,30.0,22.0,16.0,-3.0,10.0
7/14/2022,85.0,14,2022,7,47,68,35,63,69.0,68.0,41.0,44.0,85.0,30.0,22.0,16.0,3.0,16.0
7/15/2022,91.0,15,2022,7,53,74,41,69,68.0,70.0,43.0,46.0,87.0,36.0,28.0,22.0,8.0,21.0
7/16/2022,87.0,16,2022,7,49,70,37,65,68.0,65.0,38.0,41.0,82.0,37.0,29.0,23.0,6.0,19.0
7/17/2022,87.0,17,2022,7,49,70,37,65,71.0,66.0,39.0,42.0,83.0,31.0,23.0,17.0,3.0,16.0
7/18/2022,85.0,18,2022,7,47,68,35,63,68.0,65.0,38.0,41.0,82.0,32.0,24.0,18.0,1.0,14.0
7/19/2022,86.0,19,2022,7,48,69,36,64,70.0,66.0,39.0,42.0,83.0,30.0,22.0,16.0,8.0,21.0
7/20/2022,85.0,20,2022,7,47,68,35,63,68.0,68.0,41.0,44.0,85.0,30.0,22.0,16.0,5.0,18.0
7/21/2022,85.0,21,2022,7,47,68,35,63,68.0,67.0,40.0,43.0,84.0,28.0,20.0,14.0,1.0,14.0
7/22/2022,88.0,22,2022,7,50,71,38,66,68.0,68.0,41.0,44.0,85.0,32.0,24.0,18.0,9.0,22.0
7/23/2022,85.0,23,2022,7,47,68,35,63,68.0,64.0,37.0,40.0,81.0,29.0,21.0,15.0,-1.0,12.0
7/24/2022,87.0,24,2022,7,49,70,37,65,72.0,68.0,41.0,44.0,85.0,28.0,20.0,14.0,2.0,15.0
7/25/2022,85.0,25,2022,7,47,68,35,63,70.0,68.0,41.0,44.0,85.0,29.0,21.0,15.0,1.0,14.0
7/26/2022,85.0,26,2022,7,47,68,35,63,72.0,73.0,46.0,49.0,90.0,33.0,25.0,19.0,2.0,15.0
7/27/2022,85.0,27,2022,7,47,68,35,63,67.0,58.0,48.0,20.0,139.0,27.0,19.0,13.0,-1.0,12.0
7/28/2022,85.0,28,2022,7,47,68,35,63,69.0,62.0,52.0,24.0,147.0,32.0,24.0,18.0,3.0,16.0
7/29/2022,89.0,29,2022,7,51,72,39,67,70.0,58.0,48.0,20.0,139.0,30.0,22.0,16.0,1.0,14.0
7/30/2022,87.0,30,2022,7,49,70,37,65,67.0,60.0,50.0,22.0,143.0,29.0,21.0,15.0,0.0,13.0
7/31/2022,89.0,31,2022,7,51,72,39,67,68.0,58.0,48.0,20.0,139.0,28.0,20.0,14.0,8.0,21.0
8/1/2022,84.0,1,2022,8,46,67,34,62,69.0,61.0,51.0,23.0,145.0,30.0,22.0,16.0,3.0,16.0
8/2/2022,86.0,2,2022,8,48,69,36,64,70.0,58.0,48.0,20.0,139.0,29.0,21.0,15.0,12.0,25.0
8/3/2022,87.0,3,2022,8,49,70,37,65,70.0,60.0,50.0,22.0,143.0,27.0,19.0,13.0,-3.0,10.0
8/4/2022,84.0,4,2022,8,46,67,34,62,68.0,60.0,50.0,22.0,143.0,31.0,23.0,17.0,2.0,15.0
8/5/2022,85.0,5,2022,8,47,68,35,63,68.0,59.0,49.0,21.0,141.0,29.0,21.0,15.0,-1.0,12.0
8/6/2022,86.0,6,2022,8,48,69,36,64,68.0,62.0,52.0,24.0,147.0,30.0,22.0,16.0,0.0,13.0
8/7/2022,87.0,7,2022,8,49,70,37,65,71.0,58.0,48.0,20.0,139.0,32.0,24.0,18.0,3.0,16.0
8/8/2022,87.0,8,2022,8,49,70,37,65,66.0,58.0,48.0,20.0,139.0,28.0,20.0,14.0,-2.0,11.0
8/9/2022,85.0,9,2022,8,47,68,35,63,68.0,58.0,48.0,20.0,139.0,31.0,23.0,17.0,0.0,13.0
8/10/2022,85.0,10,2022,8,47,68,35,63,69.0,59.0,49.0,21.0,141.0,30.0,22.0,16.0,-4.0,9.0
8/11/2022,85.0,11,2022,8,47,68,35,63,71.0,59.0,49.0,21.0,141.0,29.0,21.0,15.0,-5.0,8.0
8/12/2022,88.0,12,2022,8,50,71,38,66,67.0,59.0,49.0,21.0,141.0,32.0,24.0,18.0,10.0,23.0
8/13/2022,83.0,13,2022,8,45,66,33,61,69.0,58.0,48.0,20.0,139.0,30.0,22.0,16.0,11.0,24.0
8/14/2022,85.0,14,2022,8,47,68,35,63,72.0,58.0,48.0,20.0,139.0,29.0,21.0,15.0,-1.0,12.0
8/15/2022,86.0,15,2022,8,48,69,36,64,67.0,61.0,51.0,23.0,145.0,33.0,25.0,19.0,22.0,35.0
8/16/2022,88.0,16,2022,8,50,71,38,66,72.0,58.0,48.0,20.0,139.0,30.0,22.0,16.0,-3.0,10.0
8/17/2022,84.0,17,2022,8,46,67,34,62,67.0,60.0,50.0,22.0,143.0,28.0,20.0,14.0,-1.0,12.0
8/18/2022,86.0,18,2022,8,48,69,36,64,69.0,59.0,49.0,21.0,141.0,30.0,22.0,16.0,2.0,15.0
8/19/2022,89.0,19,2022,8,51,72,39,67,71.0,59.0,49.0,21.0,141.0,31.0,23.0,17.0,3.0,16.0
8/20/2022,84.0,20,2022,8,46,67,34,62,66.0,60.0,50.0,22.0,143.0,28.0,20.0,14.0,1.0,14.0
8/21/2022,89.0,21,2022,8,51,72,39,67,66.0,58.0,48.0,20.0,139.0,30.0,22.0,16.0,6.0,19.0
8/22/2022,84.0,22,2022,8,46,67,34,62,67.0,58.0,48.0,20.0,139.0,28.0,20.0,14.0,9.0,22.0
8/23/2022,86.0,23,2022,8,48,69,36,64,67.0,58.0,48.0,20.0,139.0,29.0,21.0,15.0,29.0,42.0
8/24/2022,88.0,24,2022,8,50,71,38,66,66.0,58.0,48.0,20.0,139.0,36.0,28.0,22.0,14.0,27.0
8/25/2022,83.0,25,2022,8,45,66,33,61,71.0,58.0,48.0,20.0,139.0,28.0,20.0,14.0,4.0,17.0
8/26/2022,83.0,26,2022,8,45,66,33,61,71.0,59.0,49.0,21.0,141.0,30.0,22.0,16.0,4.0,17.0
8/27/2022,84.0,27,2022,8,46,67,34,62,47.0,70.0,43.0,46.0,70.0,32.0,24.0,18.0,8.0,21.0
8/28/2022,84.0,28,2022,8,46,67,34,62,48.0,74.0,47.0,50.0,74.0,33.0,25.0,19.0,3.0,16.0
8/29/2022,83.0,29,2022,8,45,66,33,61,49.0,65.0,38.0,41.0,65.0,29.0,21.0,15.0,4.0,17.0
8/30/2022,88.0,30,2022,8,50,71,38,66,48.0,75.0,48.0,51.0,75.0,31.0,23.0,17.0,4.0,17.0
8/31/2022,88.0,31,2022,8,50,71,38,66,48.0,66.0,39.0,42.0,66.0,30.0,22.0,16.0,4.0,17.0
9/1/2022,88.0,1,2022,9,50,71,44,39,48.0,71.0,44.0,47.0,71.0,30.0,22.0,16.0,8.0,21.0
9/2/2022,90.0,2,2022,9,52,73,46,41,46.0,67.0,40.0,43.0,67.0,29.0,21.0,15.0,5.0,18.0
9/3/2022,91.0,3,2022,9,53,74,47,42,46.0,66.0,39.0,42.0,66.0,32.0,24.0,18.0,5.0,18.0
9/4/2022,89.0,4,2022,9,51,72,45,40,48.0,71.0,44.0,47.0,71.0,30.0,22.0,16.0,11.0,24.0
9/5/2022,89.0,5,2022,9,51,72,45,40,48.0,69.0,42.0,45.0,69.0,30.0,22.0,16.0,5.0,18.0
9/6/2022,89.0,6,2022,9,51,72,45,40,48.0,64.0,37.0,40.0,64.0,30.0,22.0,16.0,19.0,32.0
9/7/2022,86.0,7,2022,9,48,69,42,37,46.0,65.0,38.0,41.0,65.0,28.0,20.0,14.0,5.0,18.0
9/8/2022,87.0,8,2022,9,49,70,43,38,47.0,69.0,42.0,45.0,69.0,32.0,24.0,18.0,18.0,31.0
9/9/2022,89.0,9,2022,9,51,72,45,40,46.0,67.0,40.0,43.0,67.0,35.0,27.0,21.0,7.0,20.0
9/10/2022,90.0,10,2022,9,52,73,46,41,46.0,71.0,44.0,47.0,71.0,32.0,24.0,18.0,23.0,36.0
9/11/2022,90.0,11,2022,9,52,73,46,41,48.0,69.0,42.0,45.0,69.0,28.0,20.0,14.0,-3.0,10.0
9/12/2022,86.0,12,2022,9,48,69,42,37,46.0,70.0,43.0,46.0,70.0,30.0,22.0,16.0,5.0,18.0
9/13/2022,88.0,13,2022,9,50,71,44,39,46.0,67.0,40.0,43.0,67.0,27.0,19.0,13.0,12.0,25.0
9/14/2022,87.0,14,2022,9,49,70,43,38,46.0,66.0,39.0,42.0,66.0,32.0,24.0,18.0,9.0,22.0
9/15/2022,86.0,15,2022,9,48,69,42,37,47.0,65.0,38.0,41.0,65.0,30.0,22.0,16.0,3.0,16.0
9/16/2022,90.0,16,2022,9,52,73,46,41,47.0,64.0,37.0,40.0,64.0,29.0,21.0,15.0,14.0,27.0
9/17/2022,87.0,17,2022,9,49,70,43,38,46.0,67.0,40.0,43.0,67.0,31.0,23.0,17.0,19.0,32.0
9/18/2022,87.0,18,2022,9,49,70,43,38,46.0,68.0,41.0,44.0,68.0,31.0,23.0,17.0,14.0,27.0
9/19/2022,87.0,19,2022,9,49,70,43,38,47.0,65.0,38.0,41.0,65.0,33.0,25.0,19.0,28.0,41.0
9/20/2022,88.0,20,2022,9,50,71,44,39,46.0,65.0,38.0,41.0,65.0,29.0,21.0,15.0,20.0,33.0
9/21/2022,88.0,21,2022,9,50,71,44,39,48.0,64.0,37.0,40.0,64.0,30.0,22.0,16.0,7.0,20.0
9/22/2022,87.0,22,2022,9,49,70,43,38,48.0,75.0,48.0,51.0,75.0,29.0,21.0,15.0,14.0,27.0
9/23/2022,87.0,23,2022,9,49,70,43,38,46.0,66.0,39.0,42.0,66.0,33.0,25.0,19.0,1.0,14.0
9/24/2022,88.0,24,2022,9,50,71,44,39,46.0,65.0,38.0,41.0,65.0,31.0,23.0,17.0,39.0,52.0
9/25/2022,87.0,25,2022,9,49,70,43,38,47.0,63.0,36.0,39.0,63.0,28.0,20.0,14.0,24.0,37.0
9/26/2022,89.0,26,2022,9,51,72,45,40,48.0,65.0,38.0,41.0,58.0,32.0,24.0,18.0,25.0,38.0
9/27/2022,90.0,27,2022,9,52,73,46,41,48.0,65.0,38.0,41.0,58.0,29.0,21.0,15.0,25.0,38.0
9/28/2022,87.0,28,2022,9,49,70,43,38,48.0,65.0,38.0,41.0,58.0,29.0,21.0,15.0,24.0,37.0
9/29/2022,86.0,29,2022,9,48,69,42,37,46.0,65.0,38.0,41.0,58.0,32.0,24.0,18.0,22.0,35.0
9/30/2022,88.0,30,2022,9,50,71,44,39,46.0,66.0,39.0,42.0,59.0,29.0,21.0,15.0,48.0,61.0
10/1/2022,89.0,1,2022,10,51,72,45,40,46.0,73.0,46.0,49.0,66.0,32.0,24.0,18.0,59.0,72.0
10/2/2022,89.0,2,2022,10,51,72,45,40,49.0,73.0,46.0,49.0,66.0,29.0,21.0,15.0,5.0,18.0
10/3/2022,89.0,3,2022,10,51,72,45,40,46.0,68.0,41.0,44.0,61.0,29.0,21.0,15.0,40.0,53.0
10/4/2022,87.0,4,2022,10,49,70,43,38,46.0,66.0,39.0,42.0,59.0,31.0,23.0,17.0,24.0,37.0
10/5/2022,86.0,5,2022,10,48,69,42,37,46.0,65.0,38.0,41.0,58.0,31.0,23.0,17.0,28.0,41.0
10/6/2022,87.0,6,2022,10,49,70,43,38,47.0,63.0,36.0,39.0,56.0,31.0,23.0,17.0,26.0,39.0
10/7/2022,91.0,7,2022,10,53,74,47,42,47.0,68.0,41.0,44.0,61.0,28.0,20.0,14.0,22.0,35.0
10/8/2022,87.0,8,2022,10,49,70,43,38,46.0,64.0,37.0,40.0,57.0,29.0,21.0,15.0,64.0,77.0
10/9/2022,87.0,9,2022,10,49,70,43,38,46.0,67.0,40.0,43.0,60.0,27.0,19.0,13.0,-13.0,0.0
10/10/2022,87.0,10,2022,10,49,70,43,38,49.0,66.0,39.0,42.0,59.0,29.0,21.0,15.0,12.0,25.0
10/11/2022,88.0,11,2022,10,50,71,44,39,46.0,66.0,39.0,42.0,59.0,28.0,20.0,14.0,25.0,38.0
10/12/2022,88.0,12,2022,10,50,71,44,39,48.0,68.0,41.0,44.0,61.0,28.0,20.0,14.0,27.0,40.0
10/13/2022,87.0,13,2022,10,49,70,43,38,46.0,66.0,39.0,42.0,59.0,28.0,20.0,14.0,25.0,38.0
10/14/2022,87.0,14,2022,10,49,70,43,38,47.0,68.0,41.0,44.0,61.0,30.0,22.0,16.0,29.0,42.0
10/15/2022,91.0,15,2022,10,53,74,47,42,46.0,68.0,41.0,44.0,61.0,32.0,24.0,18.0,24.0,37.0
10/16/2022,86.0,16,2022,10,48,69,42,37,48.0,73.0,46.0,49.0,66.0,27.0,19.0,13.0,31.0,44.0
10/17/2022,89.0,17,2022,10,51,72,45,40,47.0,67.0,40.0,43.0,60.0,28.0,20.0,14.0,13.0,26.0
10/18/2022,87.0,18,2022,10,49,70,43,38,46.0,65.0,38.0,41.0,58.0,27.0,19.0,13.0,37.0,50.0
10/19/2022,88.0,19,2022,10,50,71,44,39,46.0,64.0,37.0,40.0,57.0,32.0,24.0,18.0,13.0,26.0
10/20/2022,87.0,20,2022,10,49,70,43,38,46.0,71.0,44.0,47.0,64.0,31.0,23.0,17.0,23.0,36.0
10/21/2022,90.0,21,2022,10,52,73,46,41,46.0,69.0,42.0,45.0,62.0,30.0,22.0,16.0,12.0,25.0
10/22/2022,88.0,22,2022,10,50,71,44,39,46.0,72.0,45.0,48.0,65.0,32.0,24.0,18.0,45.0,58.0
10/23/2022,87.0,23,2022,10,49,70,43,38,49.0,71.0,44.0,47.0,64.0,28.0,20.0,14.0,16.0,29.0
10/24/2022,86.0,24,2022,10,48,69,42,37,47.0,71.0,44.0,47.0,64.0,29.0,21.0,15.0,52.0,65.0
10/25/2022,87.0,25,2022,10,49,70,43,38,49.0,65.0,38.0,41.0,58.0,29.0,21.0,15.0,13.0,26.0
10/26/2022,86.0,26,2022,10,48,69,42,37,48.0,70.0,43.0,46.0,63.0,28.0,20.0,14.0,25.0,38.0
10/27/2022,86.0,27,2022,10,48,69,42,37,48.0,67.0,34.0,62.0,67.0,29.0,21.0,15.0,12.0,25.0
10/28/2022,91.0,28,2022,10,53,74,47,42,46.0,73.0,40.0,68.0,73.0,29.0,21.0,15.0,11.0,24.0
10/29/2022,88.0,29,2022,10,50,71,44,39,48.0,70.0,37.0,65.0,70.0,30.0,22.0,16.0,23.0,36.0
10/30/2022,91.0,30,2022,10,53,74,47,42,47.0,70.0,37.0,65.0,70.0,30.0,22.0,16.0,20.0,33.0
10/31/2022,89.0,31,2022,10,51,72,45,40,49.0,72.0,39.0,67.0,72.0,28.0,20.0,14.0,25.0,38.0
11/1/2022,89.0,1,2022,11,51,72,45,40,46.0,69.0,36.0,64.0,69.0,30.0,22.0,16.0,9.0,22.0
11/2/2022,87.0,2,2022,11,49,70,43,38,48.0,72.0,39.0,67.0,72.0,29.0,21.0,15.0,9.0,22.0
11/3/2022,90.0,3,2022,11,52,73,46,41,46.0,70.0,37.0,65.0,70.0,34.0,26.0,20.0,24.0,37.0
11/4/2022,88.0,4,2022,11,50,71,44,39,48.0,68.0,35.0,63.0,68.0,34.0,26.0,20.0,20.0,33.0
11/5/2022,91.0,5,2022,11,53,74,47,42,46.0,74.0,41.0,69.0,74.0,32.0,24.0,18.0,11.0,24.0
11/6/2022,87.0,6,2022,11,49,70,43,38,46.0,72.0,39.0,67.0,72.0,30.0,22.0,16.0,7.0,20.0
11/7/2022,89.0,7,2022,11,51,72,45,40,46.0,68.0,35.0,63.0,68.0,30.0,22.0,16.0,7.0,20.0
11/8/2022,86.0,8,2022,11,48,69,42,37,46.0,69.0,36.0,64.0,69.0,28.0,20.0,14.0,-4.0,9.0
11/9/2022,89.0,9,2022,11,51,72,45,40,46.0,70.0,37.0,65.0,70.0,30.0,22.0,16.0,16.0,29.0
11/10/2022,87.0,10,2022,11,49,70,43,38,46.0,69.0,36.0,64.0,69.0,32.0,24.0,18.0,18.0,31.0
11/11/2022,87.0,11,2022,11,49,70,43,38,46.0,70.0,37.0,65.0,70.0,30.0,22.0,16.0,19.0,32.0
11/12/2022,87.0,12,2022,11,49,70,43,38,47.0,70.0,37.0,65.0,70.0,30.0,22.0,16.0,27.0,40.0
11/13/2022,87.0,13,2022,11,49,70,43,38,47.0,81.0,48.0,76.0,81.0,29.0,21.0,15.0,31.0,44.0
11/14/2022,87.0,14,2022,11,49,70,43,38,47.0,72.0,39.0,67.0,72.0,27.0,19.0,13.0,-7.0,6.0
11/15/2022,87.0,15,2022,11,49,70,43,38,48.0,71.0,38.0,66.0,71.0,29.0,21.0,15.0,4.0,17.0
11/16/2022,87.0,16,2022,11,49,70,43,38,47.0,68.0,35.0,63.0,68.0,29.0,21.0,15.0,5.0,18.0
11/17/2022,88.0,17,2022,11,50,71,44,39,46.0,69.0,36.0,64.0,69.0,31.0,23.0,17.0,21.0,34.0
11/18/2022,88.0,18,2022,11,50,71,44,39,48.0,68.0,35.0,63.0,68.0,34.0,26.0,20.0,21.0,34.0
11/19/2022,88.0,19,2022,11,50,71,44,39,46.0,70.0,37.0,65.0,70.0,33.0,25.0,19.0,16.0,29.0
11/20/2022,89.0,20,2022,11,51,72,45,40,47.0,69.0,36.0,64.0,69.0,32.0,24.0,18.0,16.0,29.0
11/21/2022,88.0,21,2022,11,50,71,44,39,46.0,68.0,35.0,63.0,68.0,27.0,19.0,13.0,9.0,22.0
11/22/2022,87.0,22,2022,11,49,70,43,38,46.0,73.0,40.0,68.0,73.0,31.0,23.0,17.0,13.0,26.0
11/23/2022,89.0,23,2022,11,51,72,45,40,46.0,68.0,35.0,63.0,68.0,33.0,25.0,19.0,21.0,34.0
11/24/2022,86.0,24,2022,11,48,69,42,37,46.0,67.0,34.0,62.0,67.0,30.0,22.0,16.0,17.0,30.0
11/25/2022,88.0,25,2022,11,50,71,44,39,38.0,73.0,40.0,68.0,73.0,32.0,24.0,18.0,13.0,26.0
11/26/2022,86.0,26,2022,11,48,69,42,37,139.0,69.0,36.0,64.0,69.0,31.0,23.0,17.0,18.0,31.0
11/27/2022,86.0,27,2022,11,48,69,42,37,147.0,71.0,38.0,66.0,71.0,30.0,22.0,16.0,22.0,35.0
11/28/2022,86.0,28,2022,11,48,69,42,37,139.0,72.0,39.0,67.0,72.0,28.0,20.0,14.0,27.0,40.0
11/29/2022,86.0,29,2022,11,48,69,42,37,143.0,69.0,36.0,64.0,69.0,28.0,20.0,14.0,13.0,26.0
11/30/2022,75.0,30,2022,11,37,58,31,26,139.0,70.0,37.0,65.0,70.0,28.0,20.0,14.0,17.0,30.0
12/1/2022,44.0,1,2022,12,37,58,48,20,145.0,68.0,35.0,63.0,68.0,34.0,26.0,20.0,12.0,25.0
12/2/2022,48.0,2,2022,12,41,62,52,24,139.0,70.0,37.0,65.0,70.0,30.0,22.0,16.0,4.0,17.0
12/3/2022,44.0,3,2022,12,37,58,48,20,143.0,68.0,35.0,63.0,68.0,32.0,24.0,18.0,17.0,30.0
12/4/2022,46.0,4,2022,12,39,60,50,22,143.0,69.0,36.0,64.0,69.0,29.0,21.0,15.0,3.0,16.0
12/5/2022,44.0,5,2022,12,37,58,48,20,141.0,70.0,37.0,65.0,70.0,30.0,22.0,16.0,4.0,17.0
12/6/2022,47.0,6,2022,12,40,61,51,23,147.0,69.0,36.0,64.0,69.0,31.0,23.0,17.0,16.0,29.0
12/7/2022,44.0,7,2022,12,37,58,48,20,139.0,68.0,35.0,63.0,68.0,29.0,21.0,15.0,12.0,25.0
12/8/2022,46.0,8,2022,12,39,60,50,22,139.0,68.0,35.0,63.0,68.0,29.0,21.0,15.0,31.0,44.0
12/9/2022,46.0,9,2022,12,39,60,50,22,139.0,68.0,35.0,63.0,68.0,29.0,21.0,15.0,24.0,37.0
12/10/2022,45.0,10,2022,12,38,59,49,21,141.0,74.0,41.0,69.0,74.0,29.0,21.0,15.0,34.0,47.0
12/11/2022,48.0,11,2022,12,41,62,52,24,141.0,70.0,37.0,65.0,70.0,31.0,23.0,17.0,21.0,34.0
12/12/2022,44.0,12,2022,12,37,58,48,20,141.0,70.0,37.0,65.0,70.0,31.0,23.0,17.0,31.0,44.0
12/13/2022,44.0,13,2022,12,37,58,48,20,139.0,68.0,35.0,63.0,68.0,30.0,22.0,16.0,16.0,29.0
12/14/2022,44.0,14,2022,12,37,58,48,20,139.0,69.0,36.0,64.0,69.0,30.0,22.0,16.0,15.0,28.0
12/15/2022,45.0,15,2022,12,38,59,49,21,145.0,68.0,35.0,63.0,68.0,31.0,23.0,17.0,16.0,29.0
12/16/2022,45.0,16,2022,12,38,59,49,21,139.0,68.0,35.0,63.0,68.0,33.0,25.0,19.0,24.0,37.0
12/17/2022,45.0,17,2022,12,38,59,49,21,143.0,71.0,38.0,66.0,71.0,27.0,19.0,13.0,24.0,37.0
12/18/2022,44.0,18,2022,12,37,58,48,20,141.0,68.0,35.0,63.0,68.0,31.0,23.0,17.0,18.0,31.0
12/19/2022,44.0,19,2022,12,37,58,48,20,141.0,70.0,37.0,65.0,70.0,27.0,19.0,13.0,-13.0,0.0
12/20/2022,47.0,20,2022,12,40,61,51,23,143.0,68.0,35.0,63.0,68.0,30.0,22.0,16.0,13.0,26.0
12/21/2022,44.0,21,2022,12,37,58,48,20,139.0,68.0,35.0,63.0,68.0,29.0,21.0,15.0,9.0,22.0
12/22/2022,46.0,22,2022,12,39,60,50,22,139.0,68.0,35.0,63.0,68.0,29.0,21.0,15.0,13.0,26.0
12/23/2022,45.0,23,2022,12,38,59,49,21,139.0,68.0,35.0,63.0,68.0,31.0,23.0,17.0,15.0,28.0
12/24/2022,45.0,24,2022,12,38,59,49,21,139.0,72.0,39.0,67.0,72.0,30.0,22.0,16.0,19.0,32.0
12/25/2022,46.0,25,2022,12,39,60,50,22,139.0,70.0,37.0,65.0,70.0,27.0,19.0,13.0,2.0,15.0
12/26/2022,44.0,26,2022,12,37,58,48,20,141.0,72.0,39.0,67.0,72.0,32.0,24.0,18.0,44.0,57.0
12/27/2022,44.0,27,2022,12,37,58,48,20,,,,,,,,,,
12/28/2022,44.0,28,2022,12,37,58,48,20,,,,,,,,,,
12/29/2022,44.0,29,2022,12,37,58,48,20,,,,,,,,,,
12/30/2022,44.0,30,2022,12,37,58,48,20,,,,,,,,,,
12/31/2022,45.0,31,2022,12,38,59,49,21,,,,,,,,,,
