datum,M01AB,M01AE,N02BA,N02BE,N05B,N05C,R03,R06,Temperature,Dew Point,Humidity,Wind Speed,Wind Gust,Pressure,Precip.,Condition_int
1/5/2014,14,12,20,184,40,0,32,7,61.20238095,25.6547619,31.36904762,8.011904762,0,29.61297619,0,0.047619048
1/12/2014,28,8,34,178,78,5,21,7,59.40268456,23.47651007,29.79865772,7.389261745,0,28.98288591,0,0.563758389
1/19/2014,29,26,42,217,79,8,29,12,63.82278481,34.44936709,40.78481013,8.253164557,1.113924051,28.29386076,0,0.398734177
1/26/2014,33,31,29,166,71,8,23,9,65.2875817,42.06535948,47.35294118,9.594771242,0.37254902,29.42509804,0,0.496732026
2/2/2014,28,19,20,158,81,11,29,12,69.56329114,42.99367089,43.01898734,7.651898734,0,29.36987342,0,1.03164557
2/9/2014,19,27,49,214,94,7,31,6,68.60509554,47.2866242,53.75159236,9.52866242,0,29.05267516,0,0.585987261
2/16/2014,33,28,46,312,85,14,18,16,66.77070064,26.44585987,28.68789809,10.38853503,0.318471338,29.24089172,0,0.700636943
2/23/2014,37,32,42,226,96,3,35,7,68.54901961,38.24183007,40.10457516,9.189542484,0,29.72320261,0,0.098039216
3/2/2014,35,27,40,209,51,2,16,10,70.31055901,41.72670807,41.94409938,9.726708075,0,29.52217391,0,0.627329193
3/9/2014,23,19,30,199,48,4,16,9,74.24683544,52.82278481,52.13924051,7.924050633,0,29.72101266,0,0.639240506
3/16/2014,30,19,34,164,89,5,36,19,77.2866242,37.44585987,29.14012739,10.31847134,0.458598726,29.88904459,0,0.751592357
3/23/2014,38,22,25,200,36,4,27,23,76.99367089,54.35443038,50.38607595,9.727848101,0,29.41765823,0,0.791139241
3/30/2014,23,16,36,132,41,6,29,24,78.88484848,54.44848485,45.81212121,8.793939394,0,29.27175758,0,1.757575758
4/6/2014,18,19,32,147,31,7,27,20,80.5408805,64.93081761,61.96855346,11.01257862,0.660377358,29.37352201,0,1.169811321
4/13/2014,34,19,20,141,44,4,22,20,80.19018405,58.06748466,52.10429448,10.03680982,0,29.59398773,0,1.024539877
4/20/2014,26,17,32,126,59,1,24,18,83.67484663,70.20245399,65.42331288,9.662576687,0,29.36214724,0,1.785276074
4/27/2014,22,18,21,181,53,4,10,13,86.56790123,62.25308642,47.71604938,9.882716049,0.179012346,29.20141975,0,0.950617284
5/4/2014,20,22,23,169,49,6,24,13,87.01226994,70.1595092,60.2392638,11.81595092,0.18404908,29.08558282,0,1.067484663
5/11/2014,23,30,27,147,65,9,15,36,88.44736842,68.125,53.25,12.21052632,0.427631579,29.425,0,0.809210526
5/18/2014,20,22,34,151,55,2,42,18,85.65060241,71.06024096,62.76506024,14.09638554,0,29.3096988,0,2.626506024
5/25/2014,24,19,33,114,56,5,20,37,87.95151515,72.30909091,61.27878788,11.90909091,0,29.08709091,0,0.127272727
6/1/2014,16,19,24,141,67,3,19,28,87.84146341,74.13414634,64.7195122,14.62804878,0.298780488,29.40871951,0,1.341463415
6/8/2014,23,20,32,154,64,8,19,27,90.71686747,74.95783133,61.8253012,13.64457831,0,26.82698795,0,1.060240964
6/15/2014,27,14,23,96,86,8,20,36,89.26946108,75.61077844,64.89221557,12.14371257,0,25.38167665,0,1.952095808
6/22/2014,30,19,26,105,63,5,11,24,90.24848485,77.23030303,66.01818182,15.7030303,0,28.83690909,0,2.963636364
6/29/2014,20,26,37,156,96,1,6,18,88.78313253,73.86746988,61.81325301,21.42771084,0,29.15536145,0,5.198795181
7/6/2014,26,23,30,134,64,3,8,10,86.20121951,73.93292683,67.2804878,20.24390244,0,29.33445122,0,4.036585366
7/13/2014,25,19,34,123,79,7,23,16,86.85714286,73.28571429,64.65217391,15.13664596,0,29.47347826,0,2.47826087
7/20/2014,33,19,20,95,84,6,12,14,88.20606061,74.55757576,64.57575758,13.66060606,0,29.20121212,0,2.381818182
7/27/2014,27,25,32,116,77,2,8,16,86.37349398,73.86746988,66.90963855,16.57831325,0,29.27566265,0,5.5
8/3/2014,20,6,23,95,79,9,11,17,86.36526946,74.73053892,68.92814371,12.71856287,0,29.41473054,0,4.22754491
8/10/2014,28,17,27,120,79,8,3,16,85.03658537,72.10365854,65.48780488,12.76829268,0,28.5454878,0,2.585365854
8/17/2014,23,14,33,81,87,5,3,15,85.11111111,72.64583333,66.72222222,16.65972222,0,29.30111111,0,4.118055556
8/24/2014,35,23,20,107,92,7,14,11,84.86746988,70.3373494,61.3313253,12.64457831,0,29.4560241,0,1.969879518
8/31/2014,17,26,29,156,109,3,12,14,86.03821656,71.51592357,62.40764331,14.22929936,0,29.56636943,0,2.261146497
9/7/2014,28,25,22,100,104,5,9,17,88.0310559,69.62111801,56.24223602,13.01863354,0,29.48192547,0,2.968944099
9/14/2014,16,17,21,205,101,0,28,10,84.64375,71.29375,64.66875,13.075,0,29.607125,0,2.3375
9/21/2014,17,19,28,214,65,3,44,8,83.6402439,70.46341463,64.18292683,14.01219512,0,29.63823171,0,2.213414634
9/28/2014,24,23,29,230,95,3,2,16,83.22560976,69.90853659,64.61585366,15.73780488,0.140243902,29.54646341,0,2.237804878
10/5/2014,30,23,29,259,72,3,81,14,83.48795181,70.75903614,67.3253012,12.51204819,0,29.77819277,0,1.373493976
10/12/2014,21,19,32,285,99,7,21,10,86.36601307,64.81699346,54.13071895,7.575163399,0,29.74627451,0,1.522875817
10/19/2014,22,28,22,215,91,5,29,11,83.02453988,52.03680982,38.70552147,6.944785276,0,29.80834356,0,2.496932515
10/26/2014,16,20,21,184,82,1,30,9,82.8,52.5483871,41.58064516,5.612903226,0,29.82967742,0,2.264516129
11/2/2014,22,11,31,164,101,4,32,5,81.94736842,57.59210526,46.59210526,6.572368421,0,29.84210526,0,4.888157895
11/9/2014,40,25,27,171,146,5,25,6,80.89506173,59.17283951,54.34567901,8.888888889,0,29.87141975,0,2.759259259
11/16/2014,30,22,30,172,110,4,22,10,77.14110429,34.19631902,23.7791411,6.061349693,0,29.71018405,0,1.45398773
11/23/2014,27,20,34,159,103,3,38,8,77.12658228,49.34177215,43.31012658,5.696202532,0,29.88094937,0,2.778481013
11/30/2014,28,15,38,147,89,7,20,16,75.48101266,57.43670886,56.9556962,5.905063291,0,29.65683544,0,4.044303797
12/7/2014,27,25,16,169,109,4,35,8,72.44444444,49.31481481,47.95679012,5.166666667,0,29.91790123,0,4.388888889
12/14/2014,24,19,25,210,106,7,21,3,67.58125,30.39375,29.09375,5.5625,0,29.9375625,0,2.175
12/21/2014,24,17,22,200,74,6,31,6,64.8404908,36.85276074,39.24539877,4.987730061,0,30.01349693,0,3.791411043
12/28/2014,31,25,24,262,140,4,48,9,66.25949367,39.7278481,42.12025316,6.525316456,0,29.95759494,0,3.791139241
1/4/2015,36,31,23,292,64,4,25,10,65.6097561,36.26829268,36.73170732,9.225609756,0,27.91719512,0,4.158536585
1/11/2015,18,32,31,233,94,7,38,10,68.19631902,54.3006135,64.15337423,8.441717791,0,29.9506135,0,7.607361963
1/18/2015,37,28,39,231,115,4,32,9,66.26946108,42.73053892,46.92215569,8.161676647,0,29.79335329,0,5.22754491
1/25/2015,28,12,32,247,127,3,58,8,65.27272727,43.22424242,47.39393939,8.36969697,0,29.61545455,0,3.806060606
2/1/2015,31,33,30,192,99,8,40,9,65.35151515,42.86060606,48.23636364,6.624242424,0,29.98872727,0,2.363636364
2/8/2015,19,27,29,196,74,1,36,11,69.12804878,44.87804878,44.6097561,8.109756098,0,29.79670732,0,2.87195122
2/15/2015,33,27,42,221,77,4,65,13,72.72289157,52.8313253,54.07831325,9.518072289,0,29.9160241,0,2.771084337
2/22/2015,21,25,19,280,33,2,69,14,76.54037267,62.32919255,65.2173913,7.614906832,0,29.82521739,0,3.757763975
3/1/2015,42,27,27,234,50,5,38,12,69.78527607,41.76687117,40.22699387,11.45398773,1.17791411,29.79552147,0,3.852760736
3/8/2015,40,20,22,234,38,1,17,10,71.95783133,49.77710843,50.8373494,8.915662651,0,29.87662651,0,2.981927711
3/15/2015,25,28,33,265,53,2,35,13,72.92682927,39.27439024,33.92073171,9.932926829,0.5,29.92560976,0,1.579268293
3/22/2015,41,24,22,249,54,2,58,6,78.82424242,58.92121212,53.98181818,6.606060606,0,29.89545455,0,1.545454545
3/29/2015,24,27,28,232,49,4,58,17,84.66666667,58.82142857,45.17857143,7.625,0,29.78017857,0,2.083333333
4/5/2015,29,19,40,198,41,3,13,19,80.6474359,64.42948718,61.02564103,11.48717949,0,29.67211538,0,3.923076923
4/12/2015,32,20,27,187,44,2,40,17,84.67878788,59.39393939,48.2,7.775757576,0,29.72709091,0,2.218181818
4/19/2015,39,19,31,221,42,0,19,26,89.16463415,57.24390244,37.62195122,8.670731707,0,29.74304878,0,1.073170732
4/26/2015,36,19,23,234,44,0,6,23,86.84662577,65.6993865,52.88343558,10.04294479,0,29.66588957,0,0.920245399
5/3/2015,28,17,22,197,40,2,20,41,88.65644172,66.07361963,51.41104294,9.613496933,0,29.67067485,0,2.159509202
5/10/2015,18,30,29,151,45,3,26,39,86.06707317,73.21341463,66.70121951,11.07317073,0,29.65378049,0,1.414634146
5/17/2015,34,28,39,196,34,0,12,37,86.95180723,73.77108434,65.61445783,11.62650602,0.337349398,29.45042169,0,1.427710843
5/24/2015,34,19,23,123,54,2,10,29,88.73053892,75.22155689,65.2994012,13.54491018,0,29.40335329,0,2.071856287
5/31/2015,46,19,31,183,40,3,51,39,88.48125,75.73125,66.94375,12.875,0,29.586125,0,1.90625
6/7/2015,33,23,27,142,54,5,53,27,89.55487805,70.64634146,56.4695122,11.30487805,0.195121951,28.8427439,0,2.713414634
6/14/2015,26,21,31,163,55,3,26,27,88.88957055,73.3803681,60.26993865,12.6809816,0,29.16429448,0,2.17791411
6/21/2015,40,21,36,174,52,3,83,35,93.2969697,72.93939394,53.98787879,10.70909091,0,28.86,0,1.242424242
6/28/2015,36,27,40,172,27,1,18,28,92.9382716,75.11111111,57.4691358,12.31481481,0,29.33993827,0,2.691358025
7/5/2015,36,24,27,150,66,1,34,29,89.42857143,74.54037267,62.0621118,19.50931677,0,29.53832298,0,3.894409938
7/12/2015,24,20,19,174,45,0,19,34,88.33566434,75.56643357,66.38461538,14.74125874,0,29.42979021,0,3.622377622
7/19/2015,35,17,23,141,26,3,7,26,87.90797546,74.3803681,64.80368098,14.89570552,0,29.23184049,0,3.251533742
7/26/2015,34,20,27,172,44,2,7,25,86.61818182,76.06060606,71.64242424,10.99393939,0,28.92654545,0,7.533333333
8/2/2015,47,30,36,115,60,0,3,13,83.65131579,73.01315789,70.11842105,14.69736842,0,29.49184211,0,5.592105263
8/9/2015,32,20,30,167,40,4,11,17,82.8447205,71.40372671,67.35403727,13.55900621,0,29.5042236,0,3.664596273
8/16/2015,37,33,28,150,53,3,7,18,85.35897436,72.61538462,66.06410256,9.583333333,0,29.54942308,0,2.820512821
8/23/2015,36,21,26,190,61,5,7,18,84.40880503,72.47169811,68.06289308,14.7672956,0,29.57320755,0,4.062893082
8/30/2015,50,36,26,186,62,3,11,22,84.25903614,72.4939759,67.64457831,12.31927711,0,29.57578313,0,2.78313253
9/6/2015,35,36,23,175,62,3,22,21,83.17721519,69.51898734,63.39873418,11.26582278,0,29.66113924,0,2.297468354
9/13/2015,35,30,33,231,53,4,24,17,85.23125,71.25625,63.75,9.39375,0,29.7035,0,1.1875
9/20/2015,34,22,23,190,56,0,17,18,88.03030303,69.35757576,57.70909091,8.76969697,0,29.58054545,0,2.139393939
9/27/2015,39,27,21,196,50,4,17,12,84.98742138,69.49056604,60.27672956,10.02515723,0,29.62169811,0,1.974842767
10/4/2015,39,26,21,239,41,0,50,10,86.68072289,60.37349398,47.52409639,6.614457831,0,29.41957831,0,1.222891566
10/11/2015,43,20,33,330,72,4,51,17,85.11875,72.325,66.40625,8.15625,0,29.720375,0,2.58125
10/18/2015,39,34,34,409,37,1,32,15,86.30246914,69.11111111,59.5308642,7.679012346,0,29.83851852,0,1.672839506
10/25/2015,46,18,28,346,42,1,40,19,85.5308642,68.2037037,58.65432099,6.728395062,0,29.80246914,0,2.24691358
11/1/2015,27,25,31,365,57,1,31,11,81.66666667,48.90384615,34.50641026,9.980769231,0,29.70134615,0,0.858974359
11/8/2015,29,23,33,320,59,6,33,9,79.76433121,47.42038217,35.29936306,5.898089172,0,29.67617834,0,3.808917197
11/15/2015,34,34,40,233,52,4,70,6,78.75460123,54.78527607,47.73006135,5.478527607,0,29.87386503,0,6.190184049
11/22/2015,30,19,25,267,45,4,32,13,76.45061728,39.54938272,29.88888889,6.197530864,0,29.69691358,0,2.327160494
11/29/2015,29,25,27,249,45,3,19,11,73.28313253,35.46987952,27.71084337,7.56626506,0,29.7339759,0,2.421686747
12/6/2015,29,23,29,276,54,12,25,9,71.0304878,45.02439024,44.19512195,4.225609756,0,29.74469512,0,3.859756098
12/13/2015,39,34,39,225,55,3,72,11,68.24375,36.075,35.83125,6.25625,0,29.891,0,5.24375
12/20/2015,30,21,25,216,46,6,52,6,65.11180124,32.9689441,34.73291925,5.968944099,0,29.7726087,0,3.850931677
12/27/2015,29,24,26,323,75,5,50,10,64.70121951,33.20731707,34.72560976,4.56097561,0,30.05810976,0,3.506097561
1/3/2016,32,22,23,341,58,4,48,13,70.51204819,45.71686747,45.21686747,5.222891566,0,30.01981928,0,4.843373494
1/10/2016,40,21,40,342,48,4,35,9,70.02439024,55.53658537,62.43902439,5.481707317,0,29.78121951,0,6.396341463
1/17/2016,48,23,47,363,81,0,21,12,68.36585366,46.95731707,50.40853659,5.945121951,0,29.70871951,0,3.969512195
1/24/2016,26,28,39,316,64,9,46,16,66.56707317,49.32317073,56.22560976,5.445121951,0,29.95597561,0,3.737804878
1/31/2016,39,34,36,321,50,10,62,13,70.84177215,56.07594937,61.51898734,5.905063291,0,29.91113924,0,4.392405063
2/7/2016,47,35,31,310,38,5,37,10,69.82802548,43.56050955,43.68789809,5.535031847,0,29.93101911,0,1.675159236
2/14/2016,29,30,32,252,61,2,65,12,69.65734266,37.47552448,34.15384615,7.090909091,0,29.89265734,0,1.727272727
2/21/2016,36,19,24,270,52,7,60,12,72.8597561,32.10365854,25.30487805,11.15243902,0,29.95304878,0,3.317073171
2/28/2016,39,26,30,274,62,5,67,19,75.89506173,46.39506173,42.94444444,6.438271605,0,29.90302469,0,2.574074074
3/6/2016,34,30,30,257,51,4,28,18,78.79617834,51.35031847,43.00636943,7.025477707,0,29.86280255,0,1.617834395
3/13/2016,27,42,22,243,40,2,61,12,77.48170732,60.01829268,57.25,9.475609756,0,29.82518293,0,2.103658537
3/20/2016,39,45,31,244,67,3,81,26,80.2962963,62.7345679,57.14814815,10.01234568,0,29.61709877,0,1.166666667
3/27/2016,33,23,46,284,72,4,52,26,82.44047619,55.6547619,43.67857143,7.744047619,0,29.84458333,0,1.511904762
4/3/2016,34,22,27,270,41,0,74,44,81.56363636,64.46060606,59.35757576,10.56969697,0,29.78315152,0,1.466666667
4/10/2016,46,38,28,198,35,6,60,40,80.95238095,63.48214286,57.21428571,10.39880952,0,29.77113095,0,0.976190476
4/17/2016,18,26,27,214,74,3,50,33,84.32394366,66.78169014,58.79577465,11.45774648,0.204225352,29.69253521,0,2.338028169
4/24/2016,32,23,35,177,54,8,40,26,83.86746988,63.54819277,53.76506024,10.42771084,0,29.66939759,0,0.789156627
5/1/2016,31,22,35,173,100,1,24,22,86.19480519,68.48701299,58.47402597,9.38961039,0,29.66506494,0,0.376623377
5/8/2016,30,33,20,247,54,4,8,31,85.82716049,70.30246914,60.32098765,10.39506173,0,29.65166667,0,0.833333333
5/15/2016,30,25,27,194,48,1,33,20,87.09803922,74.2875817,66.79738562,10.82352941,0,29.63156863,0,1.137254902
5/22/2016,27,25,33,234,57,3,41,34,89.57055215,75.05521472,63.8404908,12.34355828,0,28.57773006,0,1.613496933
5/29/2016,50,16,34,223,74,10,21,38,86.9378882,73.65838509,64.83850932,15.43478261,0,29.18962733,0,2.47826087
6/5/2016,39,20,21,143,47,3,28,30,88.04294479,72.51533742,62.06134969,12.96319018,0,29.59116564,0,1.478527607
6/12/2016,49,23,23,218,57,3,36,35,88.60869565,74.80745342,65.02484472,15.94409938,0,29.12645963,0,3.416149068
6/19/2016,24,27,25,167,50,2,42,35,87.55696203,73.10759494,63.14556962,15.79746835,0,27.79696203,0,3.208860759
6/26/2016,33,23,32,162,71,0,22,25,89.0239521,73.49700599,61.8502994,11.8502994,0,29.28407186,0,1.80239521
7/3/2016,32,21,33,144,62,12,45,27,88.83850932,76.30434783,67.72670807,9.472049689,0,28.85453416,0,4.347826087
7/10/2016,35,35,26,144,64,5,15,24,86.24375,76.0375,71.98125,13.53125,0,29.40175,0,5.81875
7/17/2016,36,22,23,128,44,0,15,25,86.89115646,74.52380952,67.27210884,10.42857143,0,27.83013605,0,4.136054422
7/24/2016,35,19,31,129,42,0,10,20,85.58064516,74.03870968,68.89032258,13.21290323,0,28.74341935,0,5.309677419
7/31/2016,54,27,27,125,66,2,25,22,86.12578616,73.31446541,66.20754717,12.71698113,0,29.52792453,0,3.150943396
8/7/2016,52,17,29,159,89,1,61,20,83.9625,74.85625,74.13125,11.2875,0,28.6879375,0,8.0375
8/14/2016,45,30,34,168,84,5,13,19,84.55421687,74.09036145,71.14457831,10.61445783,0,29.5060241,0,3.837349398
8/21/2016,43,19,25,159,43,4,17,21,84.98787879,72.12727273,65.37575758,11.97575758,0,29.47727273,0,2.848484848
8/28/2016,35,16,29,139,23,2,20,16,85.26219512,74.12195122,70.51829268,10.31707317,0,29.56231707,0,3.548780488
9/4/2016,47,17,25,164,53,0,16,19,83.9,72.13125,68.3375,10.91875,0,29.571125,0,2.70625
9/11/2016,28,28,29,236,68,8,26,17,83.22151899,70.58227848,66.14556962,12.41772152,0,29.65126582,0,2.417721519
9/18/2016,33,28,20,222,88,0,37,12,84.47530864,72.19753086,67.50617284,10.7654321,0,29.64537037,0,1.413580247
9/25/2016,29,22,24,249,65,5,24,10,83.98742138,71.08176101,65.74842767,14.69811321,0,29.26522013,0,1.823899371
10/2/2016,59,18,31,340,33,4,28,14,83.74193548,71.50967742,67.29677419,11.43870968,0,29.28987097,0,2.077419355
10/9/2016,33,27,33,389,28,2,46,14,84.93037975,73.25949367,68.76582278,8.841772152,0,29.6571519,0,2.025316456
10/16/2016,39,22,36,333,124,3,54,13,82.5875,70.6625,69.2375,6.90625,0,29.542875,0,3.075
10/23/2016,36,28,30,256,37,3,47,13,81.29113924,68.01898734,64.89873418,8.474683544,0,29.38025316,0,2.886075949
10/30/2016,39,23,35,316,59,3,27,9,79.66225166,61.74172185,59.09271523,5.231788079,0,29.81781457,0,3.42384106
11/6/2016,31,13,22,227,46,3,42,23,80.20125786,47.94968553,37.41509434,4.358490566,0,29.68006289,0,3.893081761
11/13/2016,45,29,36,255,66,4,36,10,75.38888889,54.19753086,53.7962963,5.401234568,0,29.71037037,0,6.018518519
11/20/2016,35,17,29,238,40,9,22,10,73.08125,46.35625,44.04375,5.14375,0,29.7134375,0,4.1875
11/27/2016,34,23,28,227,42,9,46,11,74.27564103,49.96794872,48.01923077,5.102564103,0,29.68551282,0,5.076923077
12/4/2016,30,20,16,275,47,2,44,4,73.86451613,47.47741935,43.46451613,5.225806452,0,29.92896774,0,4.335483871
12/11/2016,34,18,32,250,31,4,46,10,73.15584416,57.00649351,61.79220779,4.435064935,0,29.88577922,0,6.837662338
12/18/2016,27,23,23,264,63,6,78,7,70.9044586,50.38216561,52.33121019,6.343949045,0,29.73426752,0,4.853503185
12/25/2016,23,23,16,286,27,3,31,7,71.20512821,43.19230769,46.3974359,5.493589744,0,29.92153846,0,5.737179487
1/1/2017,45,33,28,435,46,4,54,3,69.84210526,51.19078947,58.18421053,3.217105263,0,29.92026316,0,8.184210526
1/8/2017,29,26,27,328,58,3,41,11,66.68152866,43.84713376,51.49681529,5.515923567,0,29.88343949,0,8.191082803
1/15/2017,42,26,50,361,112,3,30,4,61.56626506,43.90963855,55.45783133,7.927710843,0,29.92114458,0,5.65060241
1/22/2017,32,22,30,307,107,6,38,4,63.6402439,39.32926829,44.43902439,9.902439024,0,30.05097561,0,3.268292683
1/29/2017,30,30,34,288,94,6,52,4,66.48427673,42.64150943,46.88679245,6.48427673,0,29.80522013,0,3.949685535
2/5/2017,42,33,27,239,64,7,35,7,68.29559748,44.65408805,48.34591195,8.132075472,0.238993711,29.90440252,0,3.86163522
2/12/2017,46,26,31,137,37,3,27,9,66.52121212,32.39393939,32.55757576,5.860606061,0,29.95593939,0,1.103030303
2/19/2017,24,18,10,123,18,0,17,10,75.5,39.55696203,30.39240506,8.14556962,0,29.99259494,0,2.594936709
2/26/2017,29,26,29,159,44,2,33,6,73.1474359,39.25641026,34.53205128,7.057692308,0,29.47429487,0,2.025641026
3/5/2017,42,27,29,116,48,1,48,15,75.93037975,48.92405063,44.46835443,5.025316456,0,29.82246835,0,2.32278481
3/12/2017,35,23,25,167,27,7,20,18,75.38414634,45.36585366,45.1097561,10.05487805,0,29.75640244,0,3.652439024
3/19/2017,32,12,15,144,33,0,25,11,77.19393939,55.78181818,53.04848485,7.672727273,0,29.47,0,2.278787879
3/26/2017,34,22,14,112,33,0,31,30,81.31012658,60.24683544,53.32278481,8.196202532,0,29.82063291,0,1.46835443
4/2/2017,25,14,28,133,39,0,20,37,82.56050955,66.98089172,61.94904459,7.076433121,0,29.37082803,0,1.47133758
4/9/2017,31,17,22,119,34,3,47,22,82.91411043,47.47852761,38.31288344,8.791411043,0,29.70797546,0,3.981595092
4/16/2017,42,12,17,107,20,2,58,22,84.28025478,55.3566879,41.38853503,6.904458599,0,29.52191083,0,1.203821656
4/23/2017,26,20,22,124,37,2,17,13,84.47770701,70.01910828,63.94267516,11.0955414,0,29.6122293,0,2.089171975
4/30/2017,30,25,19,93,28,2,44,41,85.91082803,67.64968153,60.0955414,10.69426752,0,29.68140127,0,2.318471338
5/7/2017,19,24,17,83,27,0,41,25,87.70440252,70.32704403,57.10062893,9.144654088,0,29.51987421,0,0.685534591
5/14/2017,36,20,30,109,36,14,24,39,87.9939759,73.23493976,63.3313253,9.331325301,0,29.45692771,0,2.445783133
5/21/2017,30,26,9,139,32,3,26,38,87.28571429,74.32298137,66.44720497,13.36024845,0,29.56645963,0,1.751552795
5/28/2017,29,20,22,119,37,0,23,40,88.3836478,75.59748428,66.87421384,13.79874214,0,28.97704403,0,2.238993711
6/4/2017,28,17,22,132,38,8,43,24,89.70063694,76.97452229,67.45859873,8.082802548,0,29.44694268,0,2.840764331
6/11/2017,28,25,24,106,33,0,36,37,89.81944444,74.72222222,61.78472222,12.48611111,0,28.71277778,0,2.777777778
6/18/2017,19,27,11,87,37,3,32,40,89.10062893,75.01886792,63.72955975,14.86163522,0,28.74534591,0,3.327044025
6/25/2017,26,13,19,108,26,2,21,32,88.27096774,75.16774194,65.07096774,12.1483871,0,28.46664516,0,3.129032258
7/2/2017,32,20,28,93,39,0,34,30,87.1509434,75.40251572,67.61006289,8.446540881,0,29.19754717,0,5.132075472
7/9/2017,30,20,21,106,59,1,15,18,87.34375,74.75625,66.825,15.56875,0,29.46825,0,3.975
7/16/2017,25,33,12,109,39,5,25,13,84.83850932,76.10559006,75.45962733,13.85714286,0,29.10913043,0,6.801242236
7/23/2017,41,23,21,117,43,8,31,25,85.78571429,76.33928571,74.20238095,8.964285714,0,29.2335119,0,4.982142857
7/30/2017,30,19,11,99,52,1,7,13,84.79268293,75.23780488,73.4695122,10.44512195,0,29.47164634,0,4.823170732
8/6/2017,40,15,13,112,40,2,13,17,85.27607362,74.58282209,70.91411043,11.13496933,0,29.09668712,0,4.343558282
8/13/2017,18,23,21,104,66,5,12,10,84.60479042,74.32335329,71.93413174,10.9760479,0,29.50443114,0,5.077844311
8/20/2017,34,20,24,114,56,0,20,14,85.38554217,72.43373494,65.87951807,12.28313253,0,29.54993976,0,3.036144578
8/27/2017,39,24,12,165,60,2,18,12,84.84848485,75.16363636,73.67272727,9.236363636,0,29.31236364,0,4.127272727
9/3/2017,53,25,27,124,48,3,16,14,85.4491018,74.84431138,72.77245509,8.311377246,0,29.29850299,0,6.089820359
9/10/2017,34,28,24,179,42,1,8,20,84.06707317,72.92073171,70.15853659,9.81097561,0,28.37426829,0,2.62804878
9/17/2017,26,18,24,150,73,3,30,18,85.2278481,72.39873418,67.60759494,7.943037975,0,29.65278481,0,2.006329114
9/24/2017,38,27,10,214,45,7,13,18,84.77300613,71.79754601,67.06134969,5.539877301,0,29.23993865,0,2.220858896
10/1/2017,20,22,18,318,42,13,98,4,83.05389222,70.92814371,67.36526946,7.017964072,0,29.6997006,0,2.071856287
10/8/2017,31,19,23,300,48,4,49,12,85.10240964,66.63855422,58.98192771,4.704819277,0,29.52831325,0,2.180722892
10/15/2017,33,13,15,220,41,3,52,11,86.61585366,58.76829268,46.81707317,3.286585366,0,29.45335366,0,5.042682927
10/22/2017,27,18,22,265,71,5,42,10,84.15757576,68.61212121,64.66666667,4.703030303,0,29.70963636,0,6.303030303
10/29/2017,30,13,29,243,47,1,73,12,82.78313253,67.18072289,63.22891566,6.168674699,0,29.65180723,0,3.71686747
11/5/2017,27,28,18,209,34,3,35,11,80.49079755,49.32515337,39.78527607,3.380368098,0,29.87147239,0,4.165644172
11/12/2017,37,21,27,181,42,3,50,8,78.36144578,54.47590361,48.92168675,2.36746988,0,29.84686747,0,5.548192771
11/19/2017,34,23,21,182,39,3,69,9,73.44242424,45.94545455,41.6969697,5.490909091,0,29.67824242,0,3.460606061
11/26/2017,44,27,19,198,62,3,21,7,69.92121212,40.68484848,40.04848485,3.618181818,0,29.91666667,0,3.157575758
12/3/2017,34,21,26,203,33,3,40,17,70.75609756,39.18902439,35.2195122,3.701219512,0,28.97530488,0,3.573170732
12/10/2017,26,17,27,215,50,1,64,13,67.37125749,23.56287425,21.69461078,9.431137725,0,29.71868263,0,3.179640719
12/17/2017,38,24,24,238,53,2,34,12,64.51204819,35.36144578,38.52409639,10.64457831,0,29.99825301,0,3.771084337
12/24/2017,22,18,21,165,38,0,32,5,69.15337423,40.45398773,39.44171779,9.018404908,0,28.7309816,0,3.312883436
12/31/2017,47,31,29,300,68,3,63,11,68.48125,37.80625,38.35,6.43125,0,29.759875,0,4.00625
1/7/2018,28,15,11,230,31,0,39,16,64.63095238,43.98214286,51.22619048,4.529761905,0,29.87208333,0,5.648809524
1/14/2018,32,28,28,253,50,6,44,6,68.94610778,41.50898204,41.63473054,6.173652695,0,29.76281437,0,5.407185629
1/21/2018,33,15,21,221,47,2,75,9,67.65269461,42.41317365,44.22155689,6.347305389,0,29.71179641,0,3.988023952
1/28/2018,24,24,27,308,64,0,47,13,67.37125749,48.25748503,55.53293413,5.083832335,0,29.65359281,0,3.80239521
2/4/2018,23,34,25,302,63,3,34,16,68.66666667,47.21604938,53.98765432,4.771604938,0,29.72654321,0,4.845679012
2/11/2018,38,23,27,346,64,0,68,7,68.32716049,39.5617284,41.32098765,5.956790123,0,29.8867284,0,3.580246914
2/18/2018,29,37,25,327,62,1,48,6,72.24096386,53.15060241,54.98795181,5.439759036,0,29.97716867,0,4.903614458
2/25/2018,27,24,24,216,48,0,70,11,76.39490446,62.73248408,66.71974522,6.866242038,0,29.81343949,0,6.484076433
3/4/2018,19,19,32,255,115,16,68,14,78.46107784,55.47305389,48.15568862,6.317365269,0,29.80479042,0,3.179640719
3/11/2018,35,25,33,220,91,17,68,16,79.24698795,47.94578313,39.20481928,6.596385542,0,29.81554217,0,1.740963855
3/18/2018,29,17,19,208,67,2,55,24,78.72891566,60.94578313,57.3373494,9.542168675,0,29.59138554,0,2.692771084
3/25/2018,28,18,25,242,50,3,58,17,80.31547619,57.64285714,52.69642857,8.05952381,0,29.11797619,0,1.821428571
4/1/2018,42,21,20,224,114,16,48,20,84.7030303,60.11515152,49.55151515,7.533333333,0,29.72175758,0,2.163636364
4/8/2018,38,20,23,201,83,7,60,37,83,69.46385542,65.78915663,8.873493976,0,29.67192771,0,2.427710843
4/15/2018,37,17,21,174,64,3,52,54,86.6969697,64.97575758,53.88484848,8.084848485,0,29.67618182,0,2.521212121
4/22/2018,29,20,10,210,51,0,28,38,86.7962963,54.92592593,40.61728395,9.703703704,0,29.72907407,0,1.037037037
4/29/2018,47,20,25,155,59,3,66,55,85.41317365,67.03592814,58.69461078,10.41916168,0,29.6794012,0,1.293413174
5/6/2018,27,23,17,134,53,0,26,66,88.59146341,69.76829268,57.68902439,10.82317073,0,29.60402439,0,2.487804878
5/13/2018,51,22,25,160,66,4,31,51,87.01807229,72.98192771,64.22289157,11.97590361,0,29.65024096,0,1.259036145
5/20/2018,27,19,16,155,59,7,47,39,91.01212121,66.08484848,49.86666667,10.38181818,0,29.58072727,0,2.715151515
5/27/2018,28,16,23,127,58,2,26,35,90.55214724,55.39877301,38,15.56441718,0,29.5808589,0,0.920245399
6/3/2018,43,15,14,137,58,4,45,41,90.46060606,70.06060606,56,9.703030303,0,29.13248485,0,2.927272727
6/10/2018,28,22,17,138,61,6,23,24,88.8969697,77.2,68.84848485,14.62424242,0,29.43345455,0,5.133333333
6/17/2018,28,26,20,124,55,0,13,29,88.29518072,74.56626506,64.39156627,15.21084337,0,28.17186747,0,5.536144578
6/24/2018,26,25,20,143,45,3,29,32,88.40606061,74.56363636,64.21818182,12.23636364,0,29.45018182,0,2.896969697
7/1/2018,28,19,20,125,66,5,31,23,88.43452381,74.79166667,64.94047619,8.625,0,29.39809524,0,4.964285714
7/8/2018,25,27,21,129,77,3,40,33,88.11656442,73.79754601,63.09815951,14.82208589,0,29.24042945,0,4.208588957
7/15/2018,32,27,22,189,62,9,11,23,87.10843373,73.62650602,64.8373494,10.53012048,0,29.36325301,0,4.518072289
7/22/2018,28,25,16,146,59,2,24,29,86.88961039,74,66.12337662,12.15584416,0,28.43616883,0,4.590909091
7/29/2018,37,17,16,124,55,3,3,24,84.53333333,72.52727273,67.41818182,12.83030303,0,29.41266667,0,4.987878788
8/5/2018,23,15,18,103,54,8,9,25,83.94230769,71.80769231,66.75,14.5,0,29.48192308,0,6.512820513
8/12/2018,35,24,27,142,61,2,8,17,83.86503067,72.70552147,69.52147239,10.56441718,0,28.7307362,0,5.63803681
8/19/2018,29,29,15,165,54,7,28,18,84.04268293,73.7804878,71.55487805,10.56707317,0,29.43103659,0,5.56097561
8/26/2018,30,24,15,196,43,2,74,24,82.94409938,73.36024845,73.57763975,11.85714286,0,29.48391304,0,5.447204969
9/2/2018,25,15,18,158,50,4,34,15,82.98125,71.64375,69.1125,11.71875,0,29.549,0,4.46875
9/9/2018,31,14,17,214,62,0,42,21,82.62111801,69.8447205,65.78881988,12.40372671,0,29.60298137,0,3.285714286
9/16/2018,40,16,19,245,71,6,42,17,82.89156627,71.27108434,68.63855422,11.64457831,0,29.67427711,0,3.475903614
9/23/2018,32,27,16,221,64,3,47,28,84.11976048,69.81437126,63.92215569,8.982035928,0,29.67994012,0,1.97005988
9/30/2018,35,33,26,315,53,2,67,17,84.05421687,72.43373494,69.09036145,10.19879518,0,29.54656627,0,2.144578313
10/7/2018,29,27,15,263,60,3,63,9,84.4939759,67.1626506,61.86144578,6.668674699,0,29.74674699,0,3.012048193
10/14/2018,31,25,20,235,87,7,56,22,85.59281437,58.40718563,44.06586826,5.670658683,0,29.75532934,0,4.700598802
10/21/2018,30,24,13,233,49,9,62,25,85.17177914,57.80368098,45.97546012,4.754601227,0,29.81773006,0,3.245398773
10/28/2018,30,25,18,301,71,6,116,14,82.83333333,63.04761905,57.33333333,5.56547619,0,29.87077381,0,3.125
11/4/2018,45,18,15,240,42,3,46,12,81.96407186,45.86227545,32.28742515,5.371257485,0,29.85251497,0,2.532934132
11/11/2018,39,16,34,244,70,5,93,9,77.86227545,52.73053892,49.13173653,5.083832335,0,29.8642515,0,4.149700599
11/18/2018,35,24,27,235,63,5,100,7,79.63636364,56.4969697,51.41212121,4.860606061,0,29.82175758,0,5.139393939
11/25/2018,39,25,22,197,53,6,65,11,78.0969697,45.32727273,35.66060606,6.624242424,0,29.93836364,0,4.260606061
12/2/2018,30,30,19,243,55,6,70,23,75.08641975,52.07407407,49.00617284,5.00617284,0,29.91987654,0,5.197530864
12/9/2018,22,19,15,219,57,0,50,9,72.58895706,51.35582822,51.19631902,5.374233129,0,29.86822086,0,4.791411043
12/16/2018,22,19,18,247,51,5,98,11,68.20606061,43.99393939,45.28484848,9.890909091,0,29.828,0,4.078787879
12/23/2018,34,14,14,230,53,9,58,9,64.13580247,32.79012346,34.81481481,5.950617284,0,29.98080247,0,3.734567901
12/30/2018,40,25,17,333,65,10,96,8,66.17682927,38.0304878,39.68292683,5.426829268,0,29.97213415,0,3.146341463
1/6/2019,39,29,22,282,51,2,54,11,68.57668712,46.00613497,48.41717791,5.858895706,0,30.02128834,0,5.26993865
1/13/2019,35,26,17,344,71,3,46,6,66.21604938,44.24074074,46.62345679,6.802469136,0,29.96851852,0,5.277777778
1/20/2019,49,45,26,371,69,3,121,13,68.30487805,45.71341463,47.14634146,7.5,0,29.77097561,0,5.865853659
1/27/2019,37,51,22,476,69,9,93,9,63.33333333,44.24242424,54.46666667,6.090909091,0,29.82145455,0,5.709090909
2/3/2019,51,46,29,331,62,5,131,13,64.57575758,44.98787879,50.97575758,8.690909091,0,30.03,0,3.721212121
2/10/2019,30,39,26,292,50,4,62,14,66.01840491,33.36809816,33.93251534,9.165644172,0,29.78711656,0,3.705521472
2/17/2019,31,32,30,248,76,0,30,15,69.61676647,42.47904192,42.17365269,8.904191617,0,29.95173653,0,3.245508982
2/24/2019,19,19,15,202,71,3,31,13,72.85714286,54.54658385,56.42857143,8.180124224,0,29.87826087,0,3.347826087
3/3/2019,23,12,18,172,48,5,38,20,70.87248322,50.79865772,52.67114094,7.120805369,0,29.78536913,0,3.053691275
3/10/2019,26,12,19,223,66,5,25,32,72.21818182,54.55757576,56.21212121,6.509090909,0,29.83545455,0,3.315151515
3/17/2019,40,19,19,248,66,5,88,31,74.33333333,44.46666667,38.09090909,6.993939394,0,29.93442424,0,2.042424242
3/24/2019,34,15,13,195,68,2,74,45,78.50898204,55.79640719,48.73053892,7.508982036,0,29.83431138,0,1.754491018
3/31/2019,28,36,15,157,64,4,53,45,84.09259259,53.12345679,38.27777778,6.99382716,0,29.81141975,0,2.018518519
4/7/2019,31,19,25,162,58,1,37,52,84.11392405,65.75316456,57.15822785,6.955696203,0,29.71392405,0,2.158227848
4/14/2019,28,26,14,122,68,3,42,38,84.7195122,66.67682927,57.71341463,8.182926829,0,29.71707317,0,2.091463415
4/21/2019,28,21,11,112,80,8,36,32,81.86956522,61.23602484,52.49689441,11.13664596,0,29.74037267,0,2.416149068
4/28/2019,55,11,19,160,64,6,62,36,84.65625,67.88125,59.65,10,0,29.7111875,0,1.325
5/5/2019,24,24,26,153,51,7,54,42,88.32515337,59.26380368,44.41717791,8.63190184,0,29.61766871,0,3.466257669
5/12/2019,34,18,21,148,73,8,118,23,84.90797546,71.48466258,65.43558282,12.26993865,0,29.6603681,0,2.472392638
5/19/2019,37,15,22,156,68,5,56,23,86.31055901,70.02484472,59.91925466,11.43478261,0,29.66801242,0,2.627329193
5/26/2019,40,20,22,176,48,5,65,34,87.71604938,72.56790123,62.22222222,11.61728395,0,29.64277778,0,1.925925926
6/2/2019,25,10,19,126,29,3,27,22,89.3028169,75.61971831,65.52816901,10.32394366,0,29.54295775,0,1.183098592
6/9/2019,33,11,28,146,47,7,38,25,90.01333333,76.1,65.27333333,11.09333333,0,29.5412,0,0.733333333
6/16/2019,35,19,24,121,43,1,22,55,91.69325153,73.7791411,57.7607362,9.233128834,0,27.97404908,0,4.055214724
6/23/2019,30,24,20,136,48,9,31,30,90.16770186,75.37888199,62.72670807,10.54658385,0,29.28049689,0,3.788819876
6/30/2019,31,25,19,129,41,6,28,27,90.43975904,74.69277108,60.72891566,13.43373494,0,28.93463855,0,4.096385542
7/7/2019,33,15,18,128,42,1,17,26,89.14110429,75.62576687,65.06134969,12.20858896,0,29.20662577,0,4.466257669
7/14/2019,43,27,28,150,53,8,15,21,89.34131737,74.05389222,61.38323353,16.54491018,0.419161677,29.23167665,0,5.730538922
7/21/2019,46,15,16,147,55,2,15,28,88.64242424,73,60.55757576,14.12121212,0,29.46109091,0,5.127272727
7/28/2019,34,15,19,122,70,5,30,17,87.81595092,75.12269939,67.03067485,15.77300613,0,29.43748466,0,6.895705521
8/4/2019,41,19,20,154,54,11,48,18,83.92771084,75.92168675,77.1746988,13.01807229,0,29.43753012,0,6.855421687
8/11/2019,39,13,17,83,56,8,65,20,84.17901235,75.5617284,75.41975309,9.641975309,0,28.42919753,0,6.895061728
8/18/2019,41,15,13,125,53,2,35,24,83.31515152,75.35757576,77.01212121,5.915151515,0,29.50060606,0,4.872727273
8/25/2019,37,22,15,115,60,6,24,18,84.90361446,73.81927711,70.1686747,10.60843373,0,29.42566265,0,3.198795181
9/1/2019,28,13,24,114,44,4,14,24,85,76.53658537,76.48170732,7.768292683,0,28.42762195,0,5.182926829
9/8/2019,38,22,15,148,48,6,15,26,86.76219512,78.29268293,75.43902439,8.591463415,0,28.74621951,0,4.036585366
9/15/2019,33,22,18,167,61,5,30,29,87.14545455,75.84242424,69.69090909,11.56363636,0,29.57345455,0,2.745454545
9/22/2019,44,22,23,247,31,3,26,21,87.60240964,72,62.88554217,8.873493976,0,29.62656627,0,3.006024096
9/29/2019,31,19,25,331,61,1,35,23,85.4601227,75.89570552,74.62576687,5.17791411,0,29.70582822,0,5.300613497
10/6/2019,33,27,16,246,68,5,30,12,84.55757576,71.6969697,66.23030303,9.4,0,29.74672727,0,3.357575758
10/13/2019,8,4,3,94,26,2,12,1,83,63.86046512,54.39534884,7.744186047,0,29.84186047,0,0.906976744
